step,vx_cmd,vy_cmd,vz_cmd,wz_cmd
0,-3.6083626747131357,10.0,2.1599754095077515,-3.0
1,-3.0397242307662964,10.0,2.793903708457946,-3.0
2,-1.9518953561782837,10.0,3.0,-3.0
3,0.27219295501708984,10.0,3.0,-3.0
4,1.218736171722412,10.0,3.0,-3.0
5,2.9740476608276367,10.0,3.0,-3.0
6,4.633121490478516,10.0,3.0,-3.0
7,5.672249794006348,10.0,2.9703898429870605,-3.0
8,6.624631881713867,10.0,2.6849995851516715,-3.0
9,7.502157688140869,10.0,2.3018925189971924,-3.0
10,7.008416652679443,10.0,1.8825573921203613,-3.0
11,5.511136054992676,10.0,1.3980767726898193,-3.0
12,4.855332374572754,10.0,1.0175707340240479,-3.0
13,5.005538463592529,10.0,0.7982100248336792,-3.0
14,5.513508319854736,10.0,0.5255348682403564,-3.0
15,6.242852210998535,10.0,0.23445475101470947,-3.0
16,7.090499401092529,10.0,0.033828020095825195,-3.0
17,8.072631359100344,10.0,-0.08747595548629794,-3.0
18,9.33082103729248,10.0,-0.16205066442489657,-3.0
19,10.0,10.0,-0.15578806400299072,-3.0
20,10.0,10.0,-0.152135968208313,-3.0
21,10.0,10.0,0.000813603401184082,-3.0
22,10.0,10.0,0.10763096809387207,-3.0
23,10.0,10.0,0.23952484130859375,-3.0
24,10.0,10.0,0.3938305377960205,-3.0
25,10.0,10.0,0.2956423759460449,-3.0
26,10.0,10.0,0.0755317211151123,-3.0
27,10.0,9.876338243484497,-0.3796640038490299,-3.0
28,10.0,9.044600725173952,-0.5926138758659363,-3.0
29,10.0,8.310505151748655,-0.7209758162498477,-3.0
30,10.0,7.582297325134277,-0.6965140700340271,-3.0
31,10.0,6.922096014022827,-0.6954211592674255,-3.0
32,10.0,5.802555084228516,-0.6719970703125,-3.0
33,10.0,5.094574689865112,-0.7554599046707153,-3.0
34,10.0,4.6807873249053955,-0.8931825757026672,-3.0
35,10.0,4.321503639221191,-0.9650625586509708,-3.0
36,10.0,4.2822277545928955,-0.899479329586029,-3.0
37,10.0,4.451092481613159,-0.7769715785980225,-3.0
38,10.0,4.459441900253296,-0.6880554556846619,-2.9180453270673756
39,10.0,4.3346381187438965,-0.5714036822319031,-2.8968292325735097
40,10.0,1.8230211734771729,3.0,-1.25211775302887
41,10.0,1.8611514568328857,3.0,-1.1259897351264954
42,10.0,1.8920135498046875,3.0,-1.0511173009872437
43,10.0,2.651907205581665,2.8431415557861337,-0.7999663352966309
44,10.0,3.644777536392212,1.838622808456421,-0.44560378789901767
45,10.0,4.967371225357056,0.8902122974395752,-0.17751342058181763
46,10.0,6.241718530654907,0.10082638263702393,0.3270542621612549
47,10.0,7.35979437828064,-0.1448675394058231,0.6605522632598877
48,10.0,8.342833518981935,-0.17269939184188876,0.968320369720459
49,10.0,9.191292524337769,0.21017003059387207,1.2217737436294556
50,10.0,8.872104883193968,1.0303888320922852,1.0060712099075317
51,10.0,9.1597044467926,1.8978323936462402,0.5119861364364624
52,10.0,9.712325334548952,2.5081955194473267,-0.1617146730422977
53,10.0,10.0,2.8439855575561523,-0.7002884745597839
54,10.0,10.0,2.917890787124634,-1.0288950204849248
55,10.0,10.0,2.8326551914215097,-1.3452172279357915
56,10.0,10.0,2.644569754600525,-1.6122431159019475
57,10.0,10.0,2.4844636917114267,-1.8108154535293586
58,10.0,10.0,2.2425023317337036,-2.2583840042352676
59,6.671710014343262,10.0,1.8975799083709717,-2.615218296647072
60,3.6160755157470703,10.0,3.0,-1.9660343527793884
61,0.9229302406311035,10.0,3.0,-0.5773794651031494
62,-1.7075985670089722,10.0,3.0,0.9507147073745728
63,-3.9574891328811646,10.0,3.0,1.9749337434768677
64,-5.87675005197525,10.0,3.0,2.859665036201477
65,-7.640790939331056,10.0,3.0,3.0
66,-9.171696826815607,10.0,3.0,3.0
67,-10.0,10.0,3.0,3.0
68,-10.0,10.0,3.0,3.0
69,-10.0,10.0,3.0,3.0
70,-10.0,10.0,3.0,3.0
71,-10.0,10.0,2.7462258338928214,3.0
72,-10.0,10.0,2.3199559450149536,3.0
73,-10.0,10.0,1.7928800582885742,2.587613582611085
74,-10.0,10.0,1.1763761043548584,2.1163015365600586
75,-10.0,10.0,0.5854825973510742,1.753237009048462
76,-10.0,10.0,-0.010325253009796143,1.421762466430664
77,-10.0,10.0,-0.6395418047904972,1.103420376777649
78,-10.0,10.0,-1.3105428814888,0.7864694595336914
79,-10.0,10.0,-2.023839354515076,0.35283565521240234
80,-10.0,10.0,-2.811125412583351,-0.15274000167846713
81,-10.0,10.0,-3.0,-0.4126101136207584
82,-10.0,10.0,-3.0,-0.5971521735191345
83,-10.0,10.0,-3.0,-0.8546476364135742
84,-10.0,10.0,-3.0,-1.1695169806480412
85,-10.0,10.0,-3.0,-1.4644698500633244
86,-10.0,-0.9649407863616943,-3.0,3.0
87,-10.0,-1.3630831241607677,-3.0,3.0
88,-10.0,-1.4260363578796398,-3.0,3.0
89,-10.0,-1.4769464731216442,-3.0,3.0
90,-10.0,-1.7427253723144542,-3.0,3.0
91,-10.0,-2.0654678344726562,-3.0,3.0
92,-10.0,-2.529866099357606,-3.0,3.0
93,-10.0,-2.9794859886169442,-2.610087633132935,3.0
94,-10.0,-3.2729899883270264,-2.1242426633834848,3.0
95,-10.0,-4.241957068443298,-1.6454831957817078,3.0
96,-10.0,-5.8465540409088135,-0.9650471806526184,3.0
97,-10.0,-9.026926308870316,-0.06682330369949341,3.0
98,-10.0,-10.0,0.8964464664459229,3.0
99,-10.0,-10.0,1.7737891674041748,3.0
100,-10.0,-10.0,2.5935516357421875,3.0
101,-10.0,-10.0,3.0,3.0
102,-10.0,-10.0,3.0,3.0
103,-10.0,-10.0,3.0,3.0
104,-10.0,-10.0,3.0,3.0
105,-10.0,-10.0,3.0,3.0
106,-10.0,-10.0,3.0,3.0
107,-10.0,-10.0,3.0,3.0
108,-10.0,-10.0,2.591942310333252,3.0
109,-10.0,-10.0,2.082653045654297,3.0
110,-10.0,-10.0,1.8721282482147217,2.8809878826141357
111,-10.0,-10.0,1.4660983085632324,1.8172996044158936
112,-10.0,-10.0,0.9125139713287354,0.6344225406646729
113,-10.0,-10.0,0.6448767185211182,-0.22399449348449707
114,-10.0,-10.0,0.5361700057983398,-0.9662089347839359
115,-10.0,-10.0,0.40882837772369385,-1.7034441232681279
116,-10.0,-10.0,0.10188567638397217,-2.276154443621636
117,-8.994229435920717,-10.0,-0.4599958062171936,-2.791946858167649
118,-7.08482027053833,-10.0,-0.975245296955109,-3.0
119,-5.389972031116486,-10.0,-1.5744933485984802,-3.0
120,-4.652695655822754,-10.0,-2.3439416885375985,-3.0
121,-4.742836356163026,-10.0,-3.0,-3.0
122,-4.64483141899109,-10.0,-3.0,-3.0
123,-3.8370776176452637,-10.0,-3.0,-3.0
124,-2.9283517599105835,-10.0,-3.0,-3.0
125,-1.7899030447006237,-9.82183024287224,-3.0,-3.0
126,1.3770580291748047,-10.0,0.18984317779541016,-2.3621917963027954
127,3.1816864013671875,-10.0,0.2481851577758789,-2.412702664732933
128,5.434520244598389,-10.0,0.36511266231536865,-2.529856324195862
129,7.644333839416504,-10.0,0.6354693174362183,-2.6096591055393223
130,9.046621322631836,-10.0,1.0040781497955322,-2.4759584069252014
131,10.0,-10.0,0.9674080610275269,-2.850631132721901
132,10.0,-10.0,0.4484274387359619,-3.0
133,10.0,-10.0,-0.14009159803390503,-3.0
134,10.0,-10.0,-0.6100825667381287,-3.0
135,10.0,-10.0,-0.9097825884819031,-3.0
136,10.0,-10.0,-0.977725088596344,-3.0
137,10.0,-9.923740476369858,-0.6998957991600037,-3.0
138,10.0,-7.976046651601791,-0.44745200872421265,-3.0
139,10.0,-5.968796014785768,-0.31547516584396396,-3.0
140,10.0,-4.54058587551117,-0.41342997550964355,-3.0
141,10.0,-3.2962286472320557,-0.8425435423851013,-3.0
142,10.0,-1.8166959285736084,-1.182663917541504,-3.0
143,10.0,-1.6273981332778942,-1.3015201091766362,-3.0
144,10.0,-1.8145525455474865,-1.4684928059577942,-3.0
145,10.0,-1.5223097801208496,-1.6403726935386658,-3.0
146,10.0,-1.2171471118927002,-1.7486829757690436,-3.0
147,10.0,-1.5239304304122925,-1.650355875492096,-3.0
148,10.0,-1.7960000038146984,-1.3664168715476994,-3.0
149,10.0,-1.68604075908661,-1.0473443269729614,-3.0
150,10.0,-1.7981666326522838,-0.9545981884002686,-3.0
151,10.0,-2.2522693872451782,-0.9601292610168457,-3.0
152,10.0,-3.2423287630081177,-0.9848894476890564,-3.0
153,10.0,-4.698075652122498,-1.0336863398551945,-3.0
154,10.0,-0.8281165361404419,0.9467418193817139,-3.0
155,10.0,-1.7615187168121338,1.6522278785705566,-3.0
156,10.0,-2.6577061414718637,2.2219741344451904,-3.0
157,10.0,-3.92530620098114,2.7112995386123666,-3.0
158,10.0,-4.90744411945343,3.0,-3.0
159,10.0,-5.610472559928894,3.0,-3.0
160,10.0,-6.114186644554138,3.0,-3.0
161,10.0,-6.291456818580627,3.0,-3.0
162,10.0,-7.4461227655410775,3.0,-3.0
163,10.0,-8.290206640958786,3.0,-3.0
164,10.0,-9.514463394880297,3.0,-3.0
165,10.0,-10.0,3.0,-3.0
166,10.0,-10.0,3.0,-3.0
167,10.0,-10.0,3.0,-2.9877187460660943
168,10.0,-10.0,3.0,-2.530872479081154
169,10.0,-10.0,3.0,-2.2127047777175903
170,8.235981464385985,-10.0,3.0,-2.020267188549042
171,5.17352819442749,-10.0,3.0,-2.0155490040779123
172,2.7454137802124023,-10.0,3.0,-2.1060844659805302
173,0.9843277931213379,-10.0,3.0,-2.0904799103736886
174,-0.738620162010194,-10.0,3.0,-2.134226381778717
175,-2.003020644187928,-10.0,3.0,-2.1802353858947754
176,-3.4747308492660522,-10.0,3.0,-2.1895517706871033
177,1.4309000968933105,-10.0,-1.7039251327514653,3.0
178,-0.3186410665512085,-10.0,-1.9958603382110596,3.0
179,-1.8509477376937877,-10.0,-2.11399045586586,3.0
180,-3.3241647481918335,-10.0,-2.1499911546707153,3.0
181,-4.74271297454834,-10.0,-2.16581654548645,3.0
182,-6.149255633354188,-10.0,-2.1673786640167236,3.0
183,-7.490307092666626,-10.0,-2.165514349937439,3.0
184,-8.673278689384462,-10.0,-2.1877225041389465,3.0
185,-9.919698238372805,-10.0,-2.260214388370515,3.0
186,-10.0,-10.0,-2.353597775101662,3.0
187,-10.0,-10.0,-2.3493084758520126,3.0
188,-10.0,-10.0,-2.363922044634819,3.0
189,-10.0,-10.0,-2.3768160492181782,3.0
190,-10.0,-10.0,-2.3003865033388142,3.0
191,-10.0,-10.0,-2.1259412169456486,3.0
192,-10.0,-10.0,-1.9931316375732426,3.0
193,-10.0,-8.990163952112198,-1.76189535856247,3.0
194,-10.0,-7.718995660543442,-1.438613891601563,3.0
195,-10.0,-6.659557819366456,-1.0401020050048833,3.0
196,-10.0,-6.01286292076111,-0.5827184915542603,3.0
197,-10.0,-6.12667441368103,0.19999480247497559,3.0
198,-10.0,-6.104811429977418,1.235643982887268,3.0
199,-10.0,-5.499939918518068,1.8663575649261475,3.0
200,-10.0,-4.7721803188323975,2.1337777376174927,3.0
201,-10.0,-4.008174538612366,1.9874635934829712,3.0
202,-10.0,-3.9151108264923096,1.7957271337509155,3.0
203,-10.0,-4.8413509130477905,2.0052366256713867,3.0
204,-10.0,-5.543825626373292,1.838695764541626,3.0
205,-10.0,-5.284029245376588,1.6164296865463257,3.0
206,-10.0,-4.94090735912323,1.5787196159362793,3.0
207,-10.0,-4.664355516433716,1.6353600025177002,3.0
208,-10.0,-5.6074076890945435,0.5824402570724487,3.0
209,-10.0,-2.9532212018966675,0.5727274417877197,2.832794666290284
210,-10.0,0.593332052230835,0.5868101119995117,1.6180955171585083
211,-10.0,3.0186116695404053,0.15993404388427734,0.2536354064941406
212,-10.0,4.601932764053345,-0.5543519854545593,-1.2190902829170227
213,-10.0,6.14093542098999,-1.1659199595451355,-2.8390233367681508
214,-10.0,8.218982219696045,-1.6308018565177922,-3.0
215,-10.0,10.0,-1.8550207614898688,-3.0
216,-10.0,10.0,-1.8662878274917603,-3.0
217,-10.0,10.0,-1.7839248776435856,-3.0
218,-10.0,10.0,-1.698302149772644,-3.0
219,-10.0,10.0,-1.6064568758010864,-3.0
220,-10.0,10.0,-1.3987162113189697,-3.0
221,-10.0,10.0,-1.4936004281044006,-3.0
222,-10.0,10.0,-1.46522855758667,-2.50292743742466
223,-10.0,10.0,-1.503288388252259,-2.129287719726563
224,-10.0,10.0,-1.3466461300849915,-1.9536007046699524
225,-10.0,10.0,-1.1444000601768494,-1.8219716548919684
226,-10.0,10.0,-0.9339897036552433,-1.6715839505195624
227,-8.8261616230011,10.0,-0.9940579533576965,-1.514591217041016
228,-7.435570955276489,10.0,-1.1889418959617615,-1.3655499815940857
229,-6.2284278869628915,10.0,-1.4499685764312744,-1.1848767399787903
230,-5.27784526348114,10.0,-1.7250965237617493,-0.9820602536201477
231,-4.550339579582214,10.0,-1.9057665467262268,-0.807136058807373
232,-3.9934343099594116,10.0,-2.148304045200348,-0.6464409828186035
233,-3.907647728919984,10.0,-2.419845744967461,-0.14377945661544833
234,10.0,10.0,-1.26707124710083,3.0
235,10.0,10.0,-1.740177154541016,3.0
236,8.16293716430664,10.0,-2.826685398817063,3.0
237,5.089094638824463,10.0,-3.0,2.813292145729066
238,4.314978122711182,10.0,-3.0,2.128385066986084
239,4.541890621185303,10.0,-3.0,1.7291457653045654
240,5.213534832000732,10.0,-3.0,1.6227607727050781
241,6.236929893493652,10.0,-3.0,1.771684169769287
242,7.09507942199707,10.0,-3.0,2.2456501722335815
243,8.318254947662352,10.0,-3.0,2.8126230239868173
244,9.438598155975344,10.0,-3.0,3.0
245,10.0,10.0,-3.0,3.0
246,10.0,10.0,-3.0,3.0
247,10.0,10.0,-3.0,3.0
248,10.0,10.0,-3.0,3.0
249,10.0,10.0,-3.0,3.0
250,10.0,10.0,-3.0,3.0
251,10.0,10.0,-3.0,3.0
252,10.0,10.0,-3.0,3.0
253,10.0,10.0,-3.0,3.0
254,10.0,10.0,-3.0,3.0
255,10.0,10.0,-2.821863502264023,3.0
256,10.0,10.0,-2.49741630256176,2.3171600103378296
257,10.0,10.0,-1.98218321800232,1.1225756406784058
258,10.0,10.0,-1.0639230608940125,-0.5123330354690555
259,10.0,10.0,-0.29647547006607056,-2.704789504408837
260,10.0,8.16328167915344,0.22060811519622803,-3.0
261,10.0,5.629550218582153,0.355175256729126,-3.0
262,10.0,3.7411797046661377,0.20735764503479004,-3.0
263,10.0,2.1956241130828857,0.17798423767089844,-3.0
264,10.0,1.808161735534668,-0.4897407889366153,-3.0
265,10.0,1.7878985404968262,-0.9414297938346863,-3.0
266,10.0,2.5904381275177,-0.9311238527297977,-3.0
267,10.0,4.052542448043823,-0.8709971308708194,-3.0
268,10.0,5.1734113693237305,-0.5810410380363468,-3.0
269,10.0,6.064126491546631,-0.2710146903991699,-3.0
270,10.0,2.0453500747680664,0.9166946411132812,-2.245255887508393
271,10.0,3.896547555923462,0.7350214719772339,-1.4329460263252263
272,10.0,5.104426145553589,0.5944737195968628,-0.4113653898239136
273,10.0,4.982839822769165,0.7847599983215332,0.8933122158050537
274,10.0,5.7742345333099365,1.017876148223877,1.585920810699463
275,10.0,6.938449144363403,1.2224721908569336,1.99711275100708
276,10.0,8.383994102478027,1.8522344827651978,2.531658411026002
277,10.0,9.667619466781616,2.5539257526397705,2.690912961959839
278,10.0,10.0,2.7679710388183594,2.2424819469451904
279,10.0,9.635818004608153,3.0,1.6298106908798218
280,10.0,9.945147037506104,3.0,1.0344958305358887
281,10.0,10.0,3.0,0.4012563228607178
282,10.0,10.0,3.0,-0.18862134218215976
283,10.0,10.0,3.0,-0.7997962832450867
284,10.0,10.0,3.0,-1.3450872302055359
285,10.0,10.0,3.0,-1.8432700037956244
286,10.0,10.0,3.0,-2.310091629624367
287,10.0,10.0,3.0,-2.6776073724031453
288,9.20140504837036,10.0,3.0,-2.98436339199543
289,7.419238090515137,10.0,3.0,-3.0
290,5.843460559844971,10.0,3.0,-2.9585775285959244
291,4.766678810119629,10.0,2.9596481323242196,-2.947164013981819
292,4.406020641326904,10.0,2.1393556594848633,-2.8529161959886555
293,-0.25840342044830433,10.0,1.7986375093460083,0.19248175621032715
294,-2.43818461894989,10.0,1.2408503293991089,0.826420783996582
295,-4.15895402431488,10.0,0.6642851829528809,1.5108346939086914
296,-5.67379653453827,10.0,0.17831003665924072,2.0770493745803833
297,-6.910110712051392,10.0,-0.20222729444503784,2.4675443172454834
298,-7.74912327528,10.0,-0.4940258860588074,2.637260913848878
299,-8.058302998542786,10.0,-0.6511353850364688,2.6102796792984
300,-8.366228193044664,10.0,-0.7933936715126041,2.4816842079162598
301,-8.596249669790268,10.0,-0.9105112552642826,2.224418878555298
302,-9.464520812034609,10.0,-1.0939242839813232,2.0176713466644287
303,-10.0,10.0,-1.2958973050117493,1.7746074199676514
304,-10.0,10.0,-1.465765357017517,1.441988468170166
305,-10.0,10.0,-1.6293661594390874,1.104668140411377
306,-10.0,10.0,-1.7913184762001038,0.6912492513656616
307,-10.0,10.0,-1.9247145652770996,0.4564458131790161
308,-10.0,10.0,-2.0286769866943364,0.2255115509033203
309,-10.0,10.0,-2.1358243525028233,-0.06941181421279907
310,-10.0,10.0,-2.287984818220139,-0.43981254100799594
311,-10.0,10.0,-2.7620836347341537,-0.7640170454978946
312,-10.0,10.0,-3.0,-0.8789833188056946
313,-10.0,10.0,-3.0,-0.89874941110611
314,-10.0,10.0,-3.0,-0.9574518799781803
315,-10.0,10.0,-2.7296631485223775,-0.9199522733688354
316,-10.0,10.0,-2.2011489272117615,-1.0361661314964294
317,-10.0,10.0,-1.7623772621154785,-1.1622816324234013
318,-10.0,8.5090172290802,-1.1698940992355347,-1.2640179991722107
319,-10.0,-6.183895468711854,-2.169117808341981,3.0
320,-10.0,-6.30588173866272,-2.0612213015556335,3.0
321,-10.0,-5.552538633346558,-1.9819533526897435,3.0
322,-10.0,-4.957404136657716,-1.802563190460205,3.0
323,-10.0,-4.573715925216676,-1.547107994556427,3.0
324,-10.0,-4.407297968864442,-1.2005009651184086,3.0
325,-10.0,-4.7392988204956055,-0.7941800951957706,3.0
326,-10.0,-5.915701389312744,-0.6275653839111331,3.0
327,-10.0,-7.296932339668274,-0.20437771081924438,3.0
328,-10.0,-9.297905117273332,0.31694626808166504,3.0
329,-10.0,-10.0,0.714544415473938,3.0
330,-10.0,-10.0,0.9940595626831055,3.0
331,-10.0,-10.0,1.3438324928283691,3.0
332,-10.0,-10.0,1.6563670635223389,3.0
333,-10.0,-10.0,1.8102343082427979,3.0
334,-10.0,-10.0,1.5548014640808105,3.0
335,-10.0,-10.0,1.3145681619644165,2.950515031814575
336,-10.0,-10.0,1.066612958908081,2.522264242172242
337,-10.0,-10.0,0.7361372709274292,1.8828245401382446
338,-10.0,-10.0,0.3818514347076416,1.4323067665100098
339,-10.0,-10.0,0.08669829368591309,0.7879979610443115
340,-10.0,-10.0,-0.17266881465911865,0.02803623676300049
341,-10.0,-10.0,-0.6416115760803223,-0.8312771916389465
342,-10.0,-10.0,-0.832664966583252,-1.5017572045326233
343,-10.0,-10.0,-0.9363235831260684,-2.1635263860225677
344,-10.0,-10.0,-1.2258743047714238,-2.9633023962378506
345,-7.860538363456726,-10.0,-1.7098413705825812,-3.0
346,-5.761035084724426,-10.0,-2.3031226694583893,-3.0
347,-5.232509672641754,-10.0,-3.0,-3.0
348,-5.194407403469086,-10.0,-3.0,-3.0
349,-5.18086850643158,-10.0,-3.0,-3.0
350,-4.239325523376466,-10.0,-3.0,-3.0
351,3.252286911010742,-10.0,-1.5612450242042542,-3.0
352,5.173289775848389,-10.0,-1.3276707530021672,-3.0
353,7.061936855316162,-10.0,-1.0710126757621765,-3.0
354,8.52966785430908,-10.0,-0.9257560372352603,-3.0
355,10.0,-10.0,-0.6756842136383057,-3.0
356,10.0,-10.0,-0.4891757369041446,-3.0
357,10.0,-10.0,-0.2857235670089725,-3.0
358,10.0,-10.0,0.03591334819793701,-3.0
359,10.0,-10.0,-0.015507996082306241,-3.0
360,10.0,-10.0,-0.10997182130813632,-3.0
361,10.0,-10.0,-0.33414512872695956,-3.0
362,10.0,-10.0,-0.5348836183547977,-3.0
363,10.0,-10.0,-0.7633402347564697,-3.0
364,10.0,-10.0,-0.9053451418876651,-3.0
365,10.0,-10.0,-0.8063948750495911,-3.0
366,10.0,-9.15334925055504,-0.4500989913940433,-3.0
367,10.0,-7.071353793144226,-0.4048216938972473,-3.0
368,10.0,-5.367801785469055,-0.5819728374481201,-3.0
369,10.0,-3.6665058135986337,-0.8714407682418823,-3.0
370,10.0,-2.6740169525146484,-1.1617897152900696,-3.0
371,10.0,-2.443055510520936,-1.2755976319313054,-3.0
372,10.0,-2.1217966079711923,-1.4762168526649475,-3.0
373,10.0,-1.5371263027191162,-1.6786279678344727,-3.0
374,10.0,-0.826261043548584,-1.7402392029762268,-3.0
375,10.0,-0.10145127773285023,-1.7095856666564948,-3.0
376,10.0,-0.25137364864349365,-1.3873114585876465,-3.0
377,10.0,-0.5382364988327037,-1.028685450553894,-3.0
378,10.0,-0.6983268260955822,-0.8832369446754456,-3.0
379,10.0,-0.8480626344680797,-0.7418888211250309,-3.0
380,10.0,-1.6458249092102062,-0.7247795462608337,-3.0
381,10.0,-3.506479859352112,-0.7339412569999698,-3.0
382,10.0,0.6893253326416016,1.3654671907424927,-3.0
383,10.0,0.41193604469299316,1.8246560096740723,-3.0
384,10.0,-1.6721343994140625,2.381566643714905,-3.0
385,10.0,-3.549344539642334,2.8553223609924308,-3.0
386,10.0,-4.675741195678712,3.0,-3.0
387,10.0,-5.237479209899904,3.0,-3.0
388,10.0,-5.284738540649414,3.0,-3.0
389,10.0,-5.42880654335022,3.0,-3.0
390,10.0,-5.959911346435548,3.0,-3.0
391,10.0,-6.898235082626344,3.0,-3.0
392,10.0,-7.834766954183579,3.0,-3.0
393,10.0,-8.80128487944603,3.0,-3.0
394,10.0,-9.979655295610428,3.0,-3.0
395,10.0,-10.0,3.0,-2.8606241494417195
396,10.0,-10.0,3.0,-2.3160207420587544
397,10.0,-10.0,3.0,-2.0204417109489445
398,10.0,-10.0,3.0,-1.6947523355484013
399,8.386206626892088,-10.0,3.0,-1.6109012961387634
400,5.445959568023682,-10.0,3.0,-1.5372898578643799
401,3.2292819023132324,-10.0,3.0,-1.5859136581420903
402,1.545426845550537,-10.0,3.0,-1.5490002036094666
403,-0.08720755577087402,-10.0,3.0,-1.511719286441803
404,-1.4704525470733643,-10.0,3.0,-1.5687721967697144
405,-2.749374508857728,-10.0,3.0,-1.6557930707931523
406,-4.344506859779358,-10.0,3.0,-1.6304699778556824
407,0.89072585105896,-10.0,-1.6997977495193486,3.0
408,-0.8110648393630981,-10.0,-2.0764699280261993,3.0
409,-2.382228374481202,-10.0,-2.255349710583687,3.0
410,-3.8035249710083017,-10.0,-2.3518981486558914,3.0
411,-4.94184970855713,-10.0,-2.337126955389977,3.0
412,-6.02591097354889,-10.0,-2.3109505176544194,3.0
413,-7.08235263824463,-10.0,-2.311508551239968,3.0
414,-8.116848468780518,-10.0,-2.3582742959260945,3.0
415,-8.912824392318726,-10.0,-2.4119848161935806,3.0
416,-9.623137712478638,-10.0,-2.486074402928353,3.0
417,-10.0,-10.0,-2.5857286602258682,3.0
418,-10.0,-10.0,-2.620150700211525,3.0
419,-10.0,-10.0,-2.5788546949625015,3.0
420,-10.0,-10.0,-2.430580839514733,3.0
421,-10.0,-9.554027020931244,-2.1736587882041936,3.0
422,-10.0,-8.219269067049028,-1.9411425590515141,3.0
423,-10.0,-6.979565620422363,-1.8181988596916203,3.0
424,-10.0,-6.297515630722046,-1.600140810012818,3.0
425,-10.0,-5.837926864624023,-1.1439226269721985,3.0
426,-10.0,-5.861868262290956,-0.44433581829071045,3.0
427,-10.0,-6.18313193321228,0.5872628688812256,3.0
428,-10.0,-5.72718381881714,1.4777612686157227,3.0
429,-10.0,-5.26652455329895,1.7448116540908813,3.0
430,-10.0,-4.6512699127197275,1.6949139833450317,3.0
431,-10.0,-4.513694643974304,1.6348206996917725,3.0
432,-10.0,-4.989192485809326,2.035927176475525,3.0
433,-10.0,-5.233125686645508,1.9006669521331787,3.0
434,-10.0,-5.072169303894044,1.6214550733566284,3.0
435,-10.0,-4.898315072059632,1.5501469373703003,3.0
436,-10.0,-5.051505565643312,1.7087652683258057,3.0
437,-10.0,-5.477696657180786,1.081284999847412,3.0
438,-10.0,-3.965216875076294,1.0583893060684204,3.0
439,-10.0,-0.33938348293304443,1.0352683067321777,1.6702544689178467
440,-10.0,2.7116191387176514,0.688225507736206,0.13467121124267578
441,-10.0,4.69740629196167,0.04530036449432373,-1.0536748766899109
442,-10.0,6.365318298339844,-0.36727792024612427,-1.9991914629936223
443,-10.0,8.328849077224731,-0.7968297600746155,-2.716349914669991
444,-10.0,10.0,-1.033937394618988,-3.0
445,-10.0,10.0,-1.043125569820404,-3.0
446,-10.0,10.0,-0.9826750159263611,-3.0
447,-10.0,10.0,-0.8756287693977359,-3.0
448,-10.0,10.0,-0.7380618453025818,-3.0
449,-10.0,10.0,-0.6633564233779907,-3.0
450,-10.0,10.0,-0.7741967439651493,-2.409616068005562
451,-10.0,10.0,-0.8147419095039371,-1.9013260602951056
452,-10.0,10.0,-0.7520606517791748,-1.7434830665588383
453,-10.0,10.0,-0.5989574790000919,-1.7305351495742802
454,-10.0,10.0,-0.5782055854797367,-1.6329451203346252
455,-10.0,10.0,-0.6603512763977051,-1.4456516504287724
456,-8.969065546989443,10.0,-0.749965846538544,-1.168943703174591
457,-7.745232582092286,10.0,-0.9357869625091553,-0.9422510862350467
458,-6.548707485198976,10.0,-1.2559899687767029,-0.7539126276969913
459,-5.718732476234436,10.0,-1.4878478050231934,-0.6036674380302433
460,-5.003564953804016,10.0,-1.708824276924134,-0.4789347052574161
461,-4.52973484992981,10.0,-1.9903015494346619,-0.2368043661117557
462,10.0,10.0,-1.138792991638184,3.0
463,9.96737003326416,10.0,-1.6100454926490784,3.0
464,7.18388557434082,10.0,-2.7493958920240402,3.0
465,4.415397644042969,10.0,-3.0,2.520082712173462
466,3.3380985260009766,10.0,-3.0,1.8437554836273193
467,3.4433960914611816,10.0,-3.0,1.437036395072937
468,4.029796123504639,10.0,-3.0,1.3714849948883057
469,4.85198974609375,10.0,-3.0,1.4863379001617432
470,5.798649787902832,10.0,-3.0,1.8494274616241455
471,6.8581342697143555,10.0,-3.0,2.496440649032592
472,7.740588188171387,10.0,-3.0,3.0
473,8.624620437622072,10.0,-3.0,3.0
474,9.710378646850584,10.0,-3.0,3.0
475,10.0,10.0,-3.0,3.0
476,10.0,10.0,-3.0,3.0
477,10.0,10.0,-3.0,3.0
478,10.0,10.0,-3.0,3.0
479,10.0,10.0,-3.0,3.0
480,10.0,10.0,-3.0,3.0
481,10.0,10.0,-3.0,3.0
482,10.0,10.0,-3.0,3.0
483,10.0,10.0,-2.8755974024534225,3.0
484,10.0,10.0,-2.537703171372414,2.3553221225738525
485,10.0,10.0,-2.0217865705490112,1.2839069366455078
486,10.0,10.0,-1.2080106139183044,-0.23479002714157138
487,10.0,10.0,-0.36359292268753085,-2.36398695409298
488,10.0,9.6413254737854,0.2520328760147095,-3.0
489,10.0,6.9526588916778564,0.6047179698944092,-3.0
490,10.0,5.182667970657349,0.4801976680755615,-3.0
491,10.0,2.809511423110962,0.39800727367401123,-3.0
492,10.0,2.212897539138794,-0.16209357976913452,-3.0
493,10.0,1.9806039333343506,-0.6785557866096497,-3.0
494,10.0,2.5273656845092773,-0.7662450671195987,-3.0
495,10.0,3.852893114089966,-0.6729084849357605,-3.0
496,10.0,4.93822455406189,-0.47827488183975253,-3.0
497,10.0,5.775803327560425,-0.2014666199684143,-3.0
498,10.0,6.838639974594116,-0.07864701747894287,-3.0
499,10.0,2.7337753772735596,0.7059030532836914,-1.3027440905570988
500,10.0,3.8918328285217285,0.8174285888671875,-0.21846145391464267
501,10.0,4.429539442062378,0.8021457195281982,0.7201409339904785
502,10.0,5.374652147293091,0.9155523777008057,1.3500620126724243
503,10.0,6.498619318008423,1.0838828086853027,1.846945881843567
504,10.0,7.3504579067230225,1.4669251441955566,2.3080666065216064
505,10.0,9.33455228805542,2.091375946998596,2.723973870277404
506,10.0,10.0,2.5792322158813477,2.503356099128724
507,10.0,10.0,2.8567471504211426,1.7782130241394043
508,10.0,10.0,3.0,1.0872176885604858
509,10.0,10.0,3.0,0.42597663402557373
510,10.0,10.0,3.0,-0.15152710676193237
511,10.0,10.0,3.0,-0.7062022089958194
512,10.0,10.0,3.0,-1.2393522262573242
513,10.0,10.0,3.0,-1.7006174325942998
514,10.0,10.0,3.0,-2.195349097251892
515,10.0,10.0,3.0,-2.647077038884164
516,9.392957687377928,10.0,3.0,-2.966126516461373
517,7.251496315002441,10.0,3.0,-3.0
518,5.687777996063232,10.0,3.0,-3.0
519,4.819803237915039,10.0,2.885321617126464,-3.0
520,4.593768119812012,10.0,2.079146146774292,-2.9590621143579487
521,0.5265355110168457,10.0,1.6696661710739136,-0.18760442733764648
522,-1.795521378517152,10.0,1.1346012353897095,0.466585636138916
523,-3.5270607471466064,10.0,0.6069867610931396,1.0669530630111694
524,-5.06852924823761,10.0,0.14966976642608643,1.658959150314331
525,-6.290043592453004,10.0,-0.1917927861213684,2.1089000701904297
526,-7.406278848648071,10.0,-0.4724959731101993,2.3978168964385986
527,-7.8830586373806,10.0,-0.5980226397514343,2.4641504287719718
528,-8.27757552266121,10.0,-0.7544197440147403,2.4391207695007315
529,-8.56549769639969,10.0,-0.8530853390693665,2.2493598461151123
530,-9.251516908407213,10.0,-0.9791255593299869,2.069127917289734
531,-10.0,10.0,-1.198356807231903,1.8719000816345215
532,-10.0,10.0,-1.374673068523407,1.5398122072219849
533,-10.0,10.0,-1.5480973720550537,1.2064132690429688
534,-10.0,10.0,-1.7259936332702641,0.7943365573883057
535,-10.0,10.0,-1.864128023386002,0.4706636667251587
536,-10.0,10.0,-1.9946644306182866,0.20515358448028564
537,-10.0,10.0,-2.060886025428772,-0.0712936520576477
538,-10.0,10.0,-2.17882400751114,-0.42652541399002075
539,-10.0,10.0,-2.6176432818174367,-0.7430309057235721
540,-10.0,10.0,-3.0,-0.8807632327079773
541,-10.0,10.0,-3.0,-0.9056530594825745
542,-10.0,10.0,-3.0,-0.9624670743942264
543,-10.0,10.0,-2.746100619435311,-0.9329372048377991
544,-10.0,10.0,-2.194266378879547,-0.9728795886039737
545,-10.0,10.0,-1.7718526124954224,-1.1148321032524109
546,-10.0,9.140638113021849,-1.195485234260559,-1.2318883538246155
547,-10.0,-5.935198068618776,-2.16279137134552,3.0
548,-10.0,-6.137209534645082,-2.0454280972480774,3.0
549,-10.0,-5.394470691680908,-1.9823377132415771,3.0
550,-10.0,-4.7992366552352905,-1.791837215423584,3.0
551,-10.0,-4.401797652244568,-1.5463972091674805,3.0
552,-10.0,-4.1885799169540405,-1.2053675651550293,3.0
553,-10.0,-4.478102922439576,-0.8036254048347473,3.0
554,-10.0,-5.579273104667664,-0.6256878376007083,3.0
555,-10.0,-7.006027102470398,-0.20139259099960327,3.0
556,-10.0,-9.033577889204027,0.2859363555908203,3.0
557,-10.0,-10.0,0.716425895690918,3.0
558,-10.0,-10.0,0.9915751218795776,3.0
559,-10.0,-10.0,1.3460315465927124,3.0
560,-10.0,-10.0,1.669182300567627,3.0
561,-10.0,-10.0,1.8004124164581299,3.0
562,-10.0,-10.0,1.6424281597137451,3.0
563,-10.0,-10.0,1.3650791645050049,2.9924780130386353
564,-10.0,-10.0,1.1349477767944336,2.5722205638885507
565,-10.0,-10.0,0.7916003465652466,1.9478867053985596
566,-10.0,-10.0,0.4239896535873413,1.4597904682159424
567,-10.0,-10.0,0.1180415153503418,0.8143093585968018
568,-10.0,-10.0,-0.1312338709831241,0.09360122680664062
569,-10.0,-10.0,-0.6125226616859436,-0.8179399967193607
570,-10.0,-10.0,-0.8216115832328796,-1.5009925961494446
571,-10.0,-10.0,-0.9510324597358704,-2.180142134428025
572,-10.0,-10.0,-1.2241550087928776,-2.9911978393793115
573,-8.156410306692123,-10.0,-1.7251680493354802,-3.0
574,-5.997994244098663,-10.0,-2.3017567545175552,-3.0
575,-5.3139322996139535,-10.0,-3.0,-3.0
576,-5.262373089790344,-10.0,-3.0,-3.0
577,-5.249800682067872,-10.0,-3.0,-3.0
578,-4.317301511764526,-10.0,-3.0,-3.0
579,3.121767044067383,-10.0,-1.6082067489624023,-3.0
580,5.063285827636719,-10.0,-1.398781657218933,-3.0
581,6.95828914642334,-10.0,-1.1380087137222294,-3.0
582,8.43080759048462,-10.0,-1.0072531700134277,-3.0
583,10.0,-10.0,-0.7596176862716675,-3.0
584,10.0,-10.0,-0.5683402419090271,-3.0
585,10.0,-10.0,-0.3745797872543335,-3.0
586,10.0,-10.0,-0.028414785861968994,-3.0
587,10.0,-10.0,-0.04319018125534091,-3.0
588,10.0,-10.0,-0.12144845724105835,-3.0
589,10.0,-10.0,-0.3009590506553653,-3.0
590,10.0,-10.0,-0.5033571124076843,-3.0
591,10.0,-10.0,-0.7198149561882019,-3.0
592,10.0,-10.0,-0.8924780488014221,-3.0
593,10.0,-10.0,-0.8177055716514587,-3.0
594,10.0,-9.433988183736803,-0.49231731891632113,-3.0
595,10.0,-7.2464048862457275,-0.3943330049514774,-3.0
596,10.0,-5.544303059577942,-0.560770153999329,-3.0
597,10.0,-3.86147677898407,-0.8266494870185855,-3.0
598,10.0,-2.72510051727295,-1.1359094381332397,-3.0
599,10.0,-2.384262681007386,-1.2458081245422368,-3.0
600,10.0,-2.113020420074464,-1.4321234822273254,-3.0
601,10.0,-1.5151226520538341,-1.645357489585877,-3.0
602,10.0,-0.8501929044723522,-1.7290520668029785,-3.0
603,10.0,-0.13349294662475586,-1.7013906240463261,-3.0
604,10.0,-0.17589688301086426,-1.4196129441261296,-3.0
605,10.0,-0.4678899049758922,-1.062987864017487,-3.0
606,10.0,-0.6143224239349365,-0.9051505923271183,-3.0
607,10.0,-0.7196450233459484,-0.7481845021247867,-3.0
608,10.0,-1.3643532991409302,-0.7021695971488956,-3.0
609,10.0,-3.1303417682647705,-0.7144762873649597,-3.0
610,10.0,0.7256054878234863,1.3324363231658936,-3.0
611,10.0,0.43182969093322754,1.7842340469360352,-3.0
612,10.0,-1.2367022037506104,2.3166582584381104,-3.0
613,10.0,-3.2088005542755136,2.8166688680648813,-3.0
614,10.0,-4.53945815563202,3.0,-3.0
615,10.0,-5.23698389530182,3.0,-3.0
616,10.0,-5.295728445053102,3.0,-3.0
617,10.0,-5.404055118560792,3.0,-3.0
618,10.0,-5.801366567611696,3.0,-3.0
619,10.0,-6.694941520690918,3.0,-3.0
620,10.0,-7.60990396142006,3.0,-3.0
621,10.0,-8.66327539086342,3.0,-3.0
622,10.0,-9.793287962675096,3.0,-3.0
623,10.0,-10.0,3.0,-2.9025831967592244
624,10.0,-10.0,3.0,-2.30063970386982
625,10.0,-10.0,3.0,-2.009705543518067
626,10.0,-10.0,3.0,-1.6619782447814948
627,8.773243427276611,-10.0,3.0,-1.5718064904212952
628,5.760922431945801,-10.0,3.0,-1.4868959784507751
629,3.4457802772521973,-10.0,3.0,-1.5274209380149841
630,1.7719841003417969,-10.0,3.0,-1.5066649317741394
631,0.08015871047973633,-10.0,3.0,-1.4717148542404175
632,-1.310076117515564,-10.0,3.0,-1.5104010701179504
633,-2.60781466960907,-10.0,3.0,-1.6006972789764409
634,-4.1096073389053345,-10.0,3.0,-1.5880667567253113
635,-5.55980920791626,-10.0,2.8862056732177725,-1.5181512236595154
636,-0.5137211084365845,-10.0,-2.195645749568939,3.0
637,-1.9015365839004517,-10.0,-2.5262200534343724,3.0
638,-3.320314288139344,-10.0,-2.615378871560097,3.0
639,-4.604048728942872,-10.0,-2.5739168375730515,3.0
640,-5.673480033874512,-10.0,-2.491513341665268,3.0
641,-6.669954657554628,-10.0,-2.4189120680093765,3.0
642,-7.666699290275574,-10.0,-2.398281052708626,3.0
643,-8.402750492095949,-10.0,-2.395723566412926,3.0
644,-9.162469506263735,-10.0,-2.4362831264734273,3.0
645,-9.753286242485048,-10.0,-2.5159061998128895,3.0
646,-10.0,-10.0,-2.5870541185140614,3.0
647,-10.0,-10.0,-2.575439438223839,3.0
648,-10.0,-10.0,-2.48944352567196,3.0
649,-10.0,-9.800215661525728,-2.2722616642713556,3.0
650,-10.0,-8.46015438437462,-1.9776422381401062,3.0
651,-10.0,-7.126522660255432,-1.818110704421997,3.0
652,-10.0,-6.319363713264465,-1.6435895562171936,3.0
653,-10.0,-5.80111563205719,-1.2557668089866643,3.0
654,-10.0,-5.710095167160034,-0.6440218091011051,3.0
655,-10.0,-6.083669662475586,0.37618982791900635,3.0
656,-10.0,-5.826670527458192,1.3602958917617798,3.0
657,-10.0,-5.3591495752334595,1.7119953632354736,3.0
658,-10.0,-4.9682241678237915,1.6526756286621094,3.0
659,-10.0,-4.7696852684021,1.6027178764343262,3.0
660,-10.0,-5.022980570793152,2.023276448249817,3.0
661,-10.0,-5.254977345466614,1.9584896564483643,3.0
662,-10.0,-5.054015517234802,1.6591286659240723,3.0
663,-10.0,-4.893651008605958,1.5630247592926025,3.0
664,-10.0,-5.037375688552858,1.6900523900985718,3.0
665,-10.0,-5.575875639915468,1.0899653434753418,3.0
666,-10.0,-4.373184442520142,1.0435162782669067,3.0
667,-10.0,-0.7641994953155518,1.0481940507888794,1.8921797275543213
668,-10.0,2.3804259300231934,0.7548544406890869,0.3330681324005127
669,-10.0,4.528909921646118,0.11858761310577393,-0.8776048421859745
670,-10.0,6.144986152648926,-0.29930573701858554,-1.7656370401382446
671,-10.0,8.077478408813477,-0.7344140410423279,-2.5391000658273706
672,-10.0,10.0,-1.015538334846497,-3.0
673,-10.0,10.0,-1.0537499785423279,-3.0
674,-10.0,10.0,-0.9971525073051456,-3.0
675,-10.0,10.0,-0.8967105746269229,-3.0
676,-10.0,10.0,-0.7514474987983704,-3.0
677,-10.0,10.0,-0.647378146648407,-3.0
678,-10.0,10.0,-0.7667554020881653,-2.3897290974855427
679,-10.0,10.0,-0.8174001574516296,-1.8869876861572266
680,-10.0,10.0,-0.7657409906387329,-1.706591248512268
681,-10.0,10.0,-0.6245750784873966,-1.7107992768287659
682,-10.0,10.0,-0.6016319990158081,-1.62143075466156
683,-10.0,10.0,-0.6733594536781314,-1.4475325942039494
684,-9.030284285545351,10.0,-0.7543178200721741,-1.1693642735481267
685,-7.786464095115662,10.0,-0.9251979589462284,-0.9381011724472049
686,-6.634705066680908,10.0,-1.2199160456657414,-0.7775305509567264
687,-5.76685130596161,10.0,-1.4634402394294739,-0.635341465473175
688,-5.036867260932924,10.0,-1.6864070892333984,-0.5119312405586243
689,-4.517832398414612,10.0,-1.9571932554245,-0.2843776345252991
690,10.0,10.0,-1.149575650691986,3.0
691,9.776053428649904,10.0,-1.611564159393311,3.0
692,6.958513259887695,10.0,-2.7359778732061386,3.0
693,4.303340911865234,10.0,-3.0,2.424206256866455
694,3.207840919494629,10.0,-3.0,1.7718697786331177
695,3.2199788093566895,10.0,-3.0,1.3780288696289062
696,3.8434314727783203,10.0,-3.0,1.3199586868286133
697,4.669358730316162,10.0,-3.0,1.454313039779663
698,5.5826616287231445,10.0,-3.0,1.7813286781311035
699,6.570436954498291,10.0,-3.0,2.3911256790161133
700,7.557494640350342,10.0,-3.0,2.9650418758392334
701,8.424718379974367,10.0,-3.0,3.0
702,9.432816505432129,10.0,-3.0,3.0
703,10.0,10.0,-3.0,3.0
704,10.0,10.0,-3.0,3.0
705,10.0,10.0,-3.0,3.0
706,10.0,10.0,-3.0,3.0
707,10.0,10.0,-3.0,3.0
708,10.0,10.0,-3.0,3.0
709,10.0,10.0,-3.0,3.0
710,10.0,10.0,-3.0,3.0
711,10.0,10.0,-2.8866586536169057,3.0
712,10.0,10.0,-2.560715362429619,2.373201012611389
713,10.0,10.0,-2.049832284450531,1.3529269695281982
714,10.0,10.0,-1.26347154378891,-0.12245821952819824
715,10.0,10.0,-0.39806073904037476,-2.258122935891152
716,10.0,9.934408664703367,0.23432135581970215,-3.0
717,10.0,7.101632356643677,0.6206846237182617,-3.0
718,10.0,5.545475482940674,0.5259661674499512,-3.0
719,10.0,2.939375638961792,0.42673730850219727,-3.0
720,10.0,2.2937214374542236,-0.09096032381057773,-3.0
721,10.0,2.011333703994751,-0.6402622461318973,-3.0
722,10.0,2.498908042907715,-0.761011004447937,-3.0
723,10.0,3.784317970275879,-0.6677314639091495,-3.0
724,10.0,4.899414777755737,-0.4940922260284427,-3.0
725,10.0,5.70588231086731,-0.21641689538955722,-3.0
726,10.0,6.759852170944214,-0.09960955381393433,-3.0
727,10.0,2.647840976715088,0.645737886428833,-1.3606190085411072
728,10.0,3.8944804668426514,0.7672126293182373,-0.3094528913497925
729,10.0,4.434864521026611,0.7443702220916748,0.6225764751434326
730,10.0,5.262421369552612,0.8906428813934326,1.304187297821045
731,10.0,6.393543481826782,1.0358033180236816,1.8185977935791016
732,10.0,7.19091534614563,1.3653323650360107,2.26801335811615
733,10.0,9.005694389343263,1.9425437450408936,2.671404004096985
734,10.0,9.988884925842287,2.531872272491455,2.63748300075531
735,10.0,10.0,2.80941903591156,1.894399881362915
736,10.0,10.0,3.0,1.1736667156219482
737,10.0,10.0,3.0,0.4971463680267334
738,10.0,10.0,3.0,-0.0949775576591495
739,10.0,10.0,3.0,-0.6343794465065002
740,10.0,10.0,3.0,-1.1622920036315922
741,10.0,10.0,3.0,-1.6193860173225403
742,10.0,10.0,3.0,-2.1073983907699594
743,10.0,10.0,3.0,-2.601895585656166
744,9.531357288360596,10.0,3.0,-2.9281907826662064
745,7.422702312469482,10.0,3.0,-3.0
746,5.783138275146484,10.0,3.0,-3.0
747,4.91025447845459,10.0,2.9543888568878174,-3.0
748,4.68623161315918,10.0,2.151061177253723,-2.994040623307228
749,0.9087371826171875,10.0,1.7109382152557373,-0.27299684286117554
750,-1.5369886159896862,10.0,1.2029017210006714,0.40124809741973877
751,-3.291218876838684,10.0,0.6768972873687744,0.9843488931655884
752,-4.858130216598512,10.0,0.20910966396331787,1.5981556177139282
753,-6.103018820285798,10.0,-0.14190423488616943,2.067165970802307
754,-7.230866849422456,10.0,-0.42194294929504395,2.3705095052719116
755,-7.822481095790864,10.0,-0.5608484745025638,2.44819736480713
756,-8.23315128684044,10.0,-0.7080348730087284,2.4327607154846183
757,-8.535538613796234,10.0,-0.8115590214729312,2.252715826034546
758,-9.105978310108187,10.0,-0.9283270239830017,2.083802819252014
759,-10.0,10.0,-1.1450373530387878,1.8921539783477783
760,-10.0,10.0,-1.3280260562896729,1.5805799961090088
761,-10.0,10.0,-1.5011785626411438,1.2443962097167969
762,-10.0,10.0,-1.687987625598908,0.8519253730773926
763,-10.0,10.0,-1.8291389644145972,0.5077922344207764
764,-10.0,10.0,-1.9707786440849304,0.2542937994003296
765,-10.0,10.0,-2.0471519529819493,-0.035827696323394775
766,-10.0,10.0,-2.128872156143189,-0.39152956008911166
767,-10.0,10.0,-2.543161109089852,-0.7023183703422546
768,-10.0,10.0,-2.9582928121089935,-0.8717349171638489
769,-10.0,10.0,-3.0,-0.9097037315368656
770,-10.0,10.0,-3.0,-0.968952834606171
771,-10.0,10.0,-2.799583420157433,-0.9463073015213016
772,-10.0,10.0,-2.2430618405342106,-0.9405764937400818
773,-10.0,10.0,-1.8152219653129578,-1.1018237471580505
774,-10.0,9.627226591110231,-1.2493969202041626,-1.2271597981452942
775,-10.0,-5.74896812438965,-2.1955068111419687,3.0
776,-10.0,-6.0089677572250375,-2.0754277110099792,3.0
777,-10.0,-5.27414083480835,-2.0254499316215524,3.0
778,-10.0,-4.6713948249816895,-1.8271763920783997,3.0
779,-10.0,-4.2668527364730835,-1.5878216028213505,3.0
780,-10.0,-4.046154022216798,-1.2484635114669804,3.0
781,-10.0,-4.299821853637696,-0.8346975445747375,3.0
782,-10.0,-5.324894189834596,-0.6318867802619934,3.0
783,-10.0,-6.754291653633118,-0.2150462865829471,3.0
784,-10.0,-8.745716363191606,0.2605401277542114,3.0
785,-10.0,-10.0,0.7276990413665771,3.0
786,-10.0,-10.0,0.9983174800872803,3.0
787,-10.0,-10.0,1.3403170108795166,3.0
788,-10.0,-10.0,1.6910169124603271,3.0
789,-10.0,-10.0,1.8158608675003052,3.0
790,-10.0,-10.0,1.7241032123565674,3.0
791,-10.0,-10.0,1.4007561206817627,3.0
792,-10.0,-10.0,1.20704984664917,2.6485809087753287
793,-10.0,-10.0,0.8471381664276123,2.0218870639801025
794,-10.0,-10.0,0.4771932363510132,1.502105712890625
795,-10.0,-10.0,0.1614300012588501,0.8547062873840332
796,-10.0,-10.0,-0.10049343109130893,0.1251218318939209
797,-10.0,-10.0,-0.5633119940757751,-0.7742977738380432
798,-10.0,-10.0,-0.7955648303031925,-1.4752537608146672
799,-10.0,-10.0,-0.935836136341095,-2.14896959066391
800,-10.0,-10.0,-1.1910826563835148,-2.9709417745471
801,-8.492777198553085,-10.0,-1.6990590691566467,-3.0
802,-6.251488626003265,-10.0,-2.2644093185663228,-3.0
803,-5.396541953086854,-10.0,-3.0,-3.0
804,-5.30215233564377,-10.0,-3.0,-3.0
805,-5.2916136384010315,-10.0,-3.0,-3.0
806,-4.441213607788086,-10.0,-3.0,-3.0
807,2.817974090576172,-10.0,-1.6394852399826056,-3.0
808,4.746913909912109,-10.0,-1.4382319450378422,-3.0
809,6.6623687744140625,-10.0,-1.1618095636367802,-3.0
810,8.166592121124268,-10.0,-1.038142025470734,-3.0
811,9.901835918426512,-10.0,-0.7951571345329285,-3.0
812,10.0,-10.0,-0.5915474295616153,-3.0
813,10.0,-10.0,-0.4089662432670593,-3.0
814,10.0,-10.0,-0.07146245241165194,-3.0
815,10.0,-10.0,-0.029791295528411865,-3.0
816,10.0,-10.0,-0.10240727663040194,-3.0
817,10.0,-10.0,-0.2678927779197696,-3.0
818,10.0,-10.0,-0.47154271602630615,-3.0
819,10.0,-10.0,-0.690308511257172,-3.0
820,10.0,-10.0,-0.8908422589302066,-3.0
821,10.0,-10.0,-0.8344050049781803,-3.0
822,10.0,-9.640388339757921,-0.5385054945945743,-3.0
823,10.0,-7.44873881340027,-0.36358076333999634,-3.0
824,10.0,-5.690519809722902,-0.5510491132736209,-3.0
825,10.0,-4.0434759855270395,-0.7863671779632568,-3.0
826,10.0,-2.7418196201324463,-1.117660939693451,-3.0
827,10.0,-2.3367315530776978,-1.2276531457901005,-3.0
828,10.0,-2.166927456855774,-1.4162964820861816,-3.0
829,10.0,-1.5718770027160645,-1.6346304416656494,-3.0
830,10.0,-0.9376645088195801,-1.733943164348603,-3.0
831,10.0,-0.2198624610900879,-1.7081170678138733,-3.0
832,10.0,-0.18956363201141357,-1.4604100584983826,-3.0
833,10.0,-0.4909092187881481,-1.0857651829719548,-3.0
834,10.0,-0.6288188695907604,-0.9151339530944828,-3.0
835,10.0,-0.6690168380737305,-0.7574960589408875,-3.0
836,10.0,-1.2783825397491455,-0.7052056789398193,-3.0
837,10.0,-2.9905319213867196,-0.7192588448524475,-3.0
838,10.0,0.7361876964569092,1.2917990684509277,-3.0
839,10.0,0.39577484130859375,1.7101789712905884,-3.0
840,10.0,-1.0679203271865845,2.232328176498413,-3.0
841,10.0,-3.1003594398498535,2.7459704875946036,-3.0
842,10.0,-4.508134722709656,2.9752289056777954,-3.0
843,10.0,-5.265010595321655,3.0,-3.0
844,10.0,-5.301456451416016,3.0,-3.0
845,10.0,-5.429132580757142,3.0,-3.0
846,10.0,-5.74917733669281,3.0,-3.0
847,10.0,-6.648387908935548,3.0,-3.0
848,10.0,-7.551054507493974,3.0,-3.0
849,10.0,-8.617776483297348,3.0,-3.0
850,10.0,-9.701450914144516,3.0,-3.0
851,10.0,-10.0,3.0,-2.9516177326440816
852,10.0,-10.0,3.0,-2.3158227950334553
853,10.0,-10.0,3.0,-2.028255522251129
854,10.0,-10.0,3.0,-1.668302178382874
855,8.974285125732424,-10.0,3.0,-1.5668687224388123
856,5.92010498046875,-10.0,3.0,-1.4824097156524663
857,3.5921430587768555,-10.0,3.0,-1.5208287835121155
858,1.8694210052490234,-10.0,3.0,-1.5107390284538276
859,0.15298843383789062,-10.0,3.0,-1.4745261669158936
860,-1.2473058700561523,-10.0,3.0,-1.508031964302063
861,-2.5405317544937143,-10.0,3.0,-1.6030656695365906
862,-4.030680060386658,-10.0,3.0,-1.5934862494468693
863,-5.480368733406068,-10.0,2.8886250257492065,-1.5242713093757636
864,-0.38971006870269775,-10.0,-2.1939792037010197,3.0
865,-1.775999665260316,-10.0,-2.5221079140901566,3.0
866,-3.218737244606018,-10.0,-2.609791114926338,3.0
867,-4.498432278633118,-10.0,-2.5663551092147836,3.0
868,-5.56890606880188,-10.0,-2.4805622845888142,3.0
869,-6.570914387702942,-10.0,-2.405747786164284,3.0
870,-7.575253844261169,-10.0,-2.3836884945631036,3.0
871,-8.350083827972412,-10.0,-2.3860562592744827,3.0
872,-9.113994836807253,-10.0,-2.4270013421773915,3.0
873,-9.717901945114136,-10.0,-2.508179292082787,3.0
874,-10.0,-10.0,-2.5876286476850514,3.0
875,-10.0,-10.0,-2.5815588980913162,3.0
876,-10.0,-10.0,-2.5009217709302902,3.0
877,-10.0,-9.885725528001787,-2.2929092198610306,3.0
878,-10.0,-8.56598809361458,-1.9921948313713074,3.0
879,-10.0,-7.2163331508636475,-1.8233286738395695,3.0
880,-10.0,-6.38093113899231,-1.6626146435737614,3.0
881,-10.0,-5.851124525070192,-1.2861567735672002,3.0
882,-10.0,-5.7258689403533936,-0.7053446173667911,3.0
883,-10.0,-6.079728603363038,0.3128328323364258,3.0
884,-10.0,-5.875402688980104,1.3263137340545654,3.0
885,-10.0,-5.390598177909852,1.7152812480926514,3.0
886,-10.0,-5.0718384981155396,1.6531884670257568,3.0
887,-10.0,-4.75262999534607,1.605643630027771,3.0
888,-10.0,-4.987648129463196,2.014514207839966,3.0
889,-10.0,-5.262274146080018,1.9751640558242798,3.0
890,-10.0,-5.063513517379762,1.6718816757202148,3.0
891,-10.0,-4.90161955356598,1.5621013641357422,3.0
892,-10.0,-5.030738711357118,1.6761621236801147,3.0
893,-10.0,-5.22800385951996,1.8651591539382935,3.0
894,-10.0,-4.597498774528504,0.9763122797012329,3.0
895,-10.0,-1.1682325601577759,0.9432789087295532,1.7544125318527222
896,-10.0,2.167607545852661,0.6673800945281982,0.2022264003753662
897,-10.0,4.400914907455444,0.10343241691589355,-0.8742846250534058
898,-10.0,6.09194278717041,-0.27071017026901245,-1.6422371864318848
899,-10.0,8.038861751556396,-0.7004783749580383,-2.426929548382759
900,-10.0,10.0,-0.9985730051994324,-3.0
901,-10.0,10.0,-1.0621837377548222,-3.0
902,-10.0,10.0,-1.0200299620628357,-3.0
903,-10.0,10.0,-0.9449617266654972,-3.0
904,-10.0,10.0,-0.8065794110298157,-3.0
905,-10.0,10.0,-0.6984230875968936,-3.0
906,-10.0,10.0,-0.8080451488494876,-2.448429599404335
907,-10.0,10.0,-0.8663669228553775,-1.9160799980163574
908,-10.0,10.0,-0.8340699076652527,-1.6962148547172546
909,-10.0,10.0,-0.7120254635810855,-1.68669193983078
910,-10.0,10.0,-0.6460266709327698,-1.6077765226364136
911,-10.0,10.0,-0.7003566026687622,-1.439619362354279
912,-9.065926671028139,10.0,-0.7897830605506897,-1.1710698008537292
913,-7.814919948577882,10.0,-0.9675487875938419,-0.9427220821380619
914,-6.6779625415802,10.0,-1.2445979118347172,-0.8011398911476135
915,-5.816654562950134,10.0,-1.4945524334907536,-0.6667243838310245
916,-5.073610544204712,10.0,-1.706477701663971,-0.5389575362205505
917,-4.531691670417786,10.0,-1.9718960523605347,-0.3352208733558655
918,10.0,10.0,-1.258775353431702,3.0
919,9.581720829010008,10.0,-1.7047723531723027,3.0
920,6.715190410614014,10.0,-2.822990611195565,3.0
921,4.16250467300415,10.0,-3.0,2.4207744598388663
922,3.0378317832946777,10.0,-3.0,1.7672538757324219
923,2.996840476989746,10.0,-3.0,1.360416054725647
924,3.600583076477051,10.0,-3.0,1.2996869087219238
925,4.458420276641846,10.0,-3.0,1.44358491897583
926,5.37999153137207,10.0,-3.0,1.7731214761734009
927,6.3416314125061035,10.0,-3.0,2.351020574569702
928,7.310647964477539,10.0,-3.0,2.928825616836547
929,8.158984184265137,10.0,-3.0,3.0
930,9.107663631439209,10.0,-3.0,3.0
931,10.0,10.0,-3.0,3.0
932,10.0,10.0,-3.0,3.0
933,10.0,10.0,-3.0,3.0
934,10.0,10.0,-3.0,3.0
935,10.0,10.0,-3.0,3.0
936,10.0,10.0,-3.0,3.0
937,10.0,10.0,-3.0,3.0
938,10.0,10.0,-3.0,3.0
939,10.0,10.0,-2.9371976405382165,3.0
940,10.0,10.0,-2.616719886660576,2.3972750902175903
941,10.0,10.0,-2.1079493165016174,1.401963472366333
942,10.0,10.0,-1.3254911899566655,-0.03467184305191073
943,10.0,10.0,-0.46273416280746493,-2.1396246850490575
944,10.0,10.0,0.1829005479812622,-3.0
945,10.0,7.070802450180054,0.5884280204772949,-3.0
946,10.0,5.5982887744903564,0.5213481187820435,-3.0
947,10.0,2.9522979259490967,0.39317500591278076,-3.0
948,10.0,2.29766845703125,-0.11287647485733066,-3.0
949,10.0,2.024327516555786,-0.6763154268264774,-3.0
950,10.0,2.4294722080230713,-0.8160279393196109,-3.0
951,10.0,3.6979353427886963,-0.7280613183975223,-3.0
952,10.0,4.835647344589233,-0.5474989414215091,-3.0
953,10.0,5.682512521743774,-0.2762238979339603,-3.0
954,10.0,6.723208427429199,-0.1554037928581241,-3.0
955,10.0,2.624920606613159,0.6918944120407104,-1.4069822430610657
956,10.0,3.9007413387298584,0.8055578470230103,-0.35146415233612094
957,10.0,4.460715055465698,0.7406988143920898,0.6017736196517944
958,10.0,5.242919921875,0.9001196622848511,1.3150259256362915
959,10.0,6.429773569107056,1.0250930786132812,1.8209996223449707
960,10.0,7.206517457962036,1.3542988300323486,2.2808632850646973
961,10.0,8.995858430862425,1.9530723094940186,2.7020916938781747
962,10.0,10.0,2.5310754776000977,2.681409716606141
963,10.0,10.0,2.7961113452911377,1.9444806575775146
964,10.0,10.0,3.0,1.2221421003341675
965,10.0,10.0,3.0,0.5458770990371704
966,10.0,10.0,3.0,-0.05554354190826416
