step,vx_cmd,vy_cmd,vz_cmd,wz_cmd,kv_x,kv_y,kv_z,kR_x,kR_y,kR_z
0,8.063274621963501,10.0,3.0,-3.0,4.652960896492004,2.831820487976074,0.5,16.0,15.626775979995728,1.5934237837791443
1,8.384593725204468,10.0,3.0,-3.0,4.565491139888763,3.00043673813343,0.5545224919915197,16.0,15.984044432640076,1.6296748042106628
2,8.849709033966064,10.0,3.0,-3.0,3.8374909162521362,3.1904799938201904,0.952205128967762,16.0,16.0,1.7116012692451477
3,8.77005100250244,10.0,3.0,-3.0,2.640695571899414,3.335674911737442,1.6299908533692358,16.0,16.0,1.9468503117561338
4,7.305281162261963,10.0,3.0,-3.0,1.7599467560648914,3.570918917655945,1.8919900357723234,16.0,16.0,2.0
5,5.250768661499023,10.0,3.0,-3.0,0.951802365481853,3.6618367433547974,1.9595650508999825,16.0,16.0,2.0
6,4.4226789474487305,10.0,3.0,-3.0,0.5,4.006354510784149,2.566775932908058,16.0,14.97230803966522,2.0
7,4.170694351196289,10.0,3.0,-3.0,0.5,4.685911625623703,2.8837837576866145,16.0,15.15026366710663,2.0
8,4.464811086654663,10.0,2.9102715253829947,-3.0,0.5,4.582566916942596,2.293585456907749,15.98075246810913,16.0,1.9163575649261475
9,5.0774407386779785,10.0,2.1879866123199463,-3.0,0.5,4.376841962337494,1.8789025321602815,15.863647222518923,16.0,1.6366225838661195
10,6.04894757270813,10.0,1.8531900644302368,-3.0,0.5,4.693428993225098,1.7587091699242587,16.0,16.0,1.4488672018051147
11,6.9187116622924805,10.0,1.6415984630584717,-3.0,0.5,5.033624708652496,1.5708941891789434,16.0,16.0,1.3229034781455993
12,8.018410205841064,10.0,1.3472617864608765,-3.0,0.5,5.147287726402283,1.3356528356671333,16.0,16.0,1.2866135120391846
13,10.0,10.0,0.9970446825027466,-3.0,0.5,5.028150022029877,1.0686045065522187,15.39075231552124,16.0,1.143657672405243
14,10.0,10.0,0.7724218368530273,-3.0,0.5,4.873758614063263,0.990794964134693,13.756573557853699,16.0,1.0283403337001802
15,10.0,10.0,0.5609500408172607,-3.0,0.5,4.6578428745269775,0.9332508519291876,12.077659130096436,16.0,0.957949835062027
16,10.0,10.0,0.42296040058135986,-3.0,0.5,4.3068797290325165,0.8109912946820255,10.657824635505676,16.0,0.9971681296825408
17,10.0,10.0,0.34381842613220215,-3.0,0.5,4.0363394021987915,0.8159922733902927,9.716810941696167,16.0,1.0157033741474153
18,10.0,10.0,0.18126153945922852,-3.0,0.5,3.589320421218872,0.948099561035633,9.051726818084717,16.0,1.0528231620788573
19,10.0,9.835788011550903,0.04371178150177002,-3.0,0.5,3.1568078845739365,1.2707608118653295,8.392026335000992,16.0,1.1550350666046143
20,10.0,9.565924406051636,-0.21900862455368042,-3.0,0.5,2.964052200317383,1.3506526425480838,8.41560474038124,15.034866988658905,1.3117182374000549
21,10.0,9.079879522323608,-0.4692281484603882,-3.0,0.5,2.873798221349716,1.4914194419980047,8.146024405956268,13.069617807865143,1.4693733334541321
22,10.0,8.664506673812864,-0.6892848014831543,-3.0,0.5,2.7851720601320262,1.442323841154575,7.970962882041931,11.297223031520844,1.5993192791938782
23,10.0,8.188139200210571,-0.8919811248779297,-3.0,0.5,2.6603028178215027,1.3006094396114345,8.942475080490112,10.446749985218048,1.7153932690620421
24,10.0,7.6290977001190186,-1.0054053068161015,-3.0,0.5,2.453803539276123,1.386437613517046,10.160032570362091,9.888727128505707,1.8344103932380678
25,10.0,7.141460180282593,-0.907361626625061,-3.0,0.5,2.372403308749199,1.4451777115464208,11.796754956245422,9.230698108673096,1.91447594165802
26,10.0,6.964981555938721,-0.7790515422821045,-2.9366150200366974,1.317584209144115,2.504614531993866,1.694021664559841,13.15645968914032,9.2002854347229,1.8927735447883607
27,7.159034013748169,7.559010982513428,-0.9587380886077884,-2.2429999709129333,2.5033681392669673,2.928368881344795,1.2713895663619041,14.471782803535461,9.821311593055725,1.7368766903877257
28,5.220655202865601,8.417707681655884,-0.9554736614227295,-2.4541401565074925,2.779641807079315,2.8034299761056896,0.8827020525932308,15.553898572921753,10.898251593112946,1.6164470076560975
29,3.477199077606201,8.995219469070433,-0.8286414742469791,-2.776344940066338,2.9716289043426514,2.2886812537908554,0.9695064947009082,16.0,10.951103627681732,1.5152482271194458
30,4.121947288513184,8.921431303024292,-0.5891203880310059,-2.7674741148948674,3.3744907677173615,1.7120156288146973,0.8518538549542423,16.0,11.019896030426025,1.3195349454879761
31,5.053524971008301,8.66349458694458,-0.30969929695129395,-2.6493085026741032,3.905980557203293,0.9669812209904194,0.7250448800623415,16.0,10.869805872440338,1.0516825795173643
32,5.9297919273376465,8.435672521591185,-0.09454607963562012,-2.552151113748551,4.4079709649086,0.5,0.7837521210312838,16.0,10.690689742565155,0.8397644102573396
33,6.626071929931641,8.107579946517944,0.10626161098480225,-2.634882509708405,4.627218395471573,0.5,1.029690459370613,16.0,10.947820603847504,0.7882725417613983
34,6.684589385986328,7.976446151733398,0.30284249782562256,-2.7377259135246286,4.823197424411774,0.5,1.2866933569312091,16.0,11.078791081905365,0.7645415902137758
35,6.6492509841918945,7.586674690246582,0.5166542530059814,-2.9254738390445714,4.997511446475983,0.5,1.6346611380577085,16.0,11.106710195541382,0.7412115216255186
36,6.5980517864227295,6.828112602233887,0.7675620317459106,-3.0,5.300116389989853,0.5,1.8914646580815313,16.0,10.97430294752121,0.7195768773555755
37,6.897850036621094,5.891803503036499,1.1266672611236572,-3.0,5.57812163233757,0.5,2.0094436332583423,16.0,10.508932530879974,0.674864238500595
38,8.102738857269287,4.780069589614868,1.5847867727279663,-3.0,5.915724903345108,0.5,1.9004467055201524,16.0,10.166327714920044,0.6467532396316529
39,9.435791969299316,3.5715484619140625,2.05210018157959,-3.0,6.0,0.5,1.6991501599550247,16.0,9.674440085887909,0.6069294899702071
40,10.0,2.6112687587738037,2.5094597339630127,-3.0,6.0,0.5,1.6096526682376857,16.0,8.993979752063751,0.5462334066629408
41,10.0,2.0947718620300293,2.915454626083374,-3.0,6.0,0.5,1.656478002667427,16.0,8.208387106657028,0.5178441286087034
42,10.0,1.7297029495239258,3.0,-3.0,6.0,0.5,1.99913914501667,16.0,7.293030083179474,0.5211468398571014
43,10.0,1.0244381427764893,3.0,-3.0,6.0,0.5,2.292598180472851,16.0,6.536719113588332,0.5396626651287079
44,10.0,-0.47289609909057617,3.0,-3.0,6.0,0.5,2.521314948797226,16.0,5.6538932621479026,0.6517404317855835
45,10.0,-2.51580834388733,3.0,-2.2146178185939793,6.0,0.5,2.822917282581329,16.0,4.550813794136047,0.7626533687114716
46,10.0,-3.998134136199952,3.0,-1.2594974040985112,6.0,0.5,2.777630642056465,16.0,4.452506363391875,0.8207132160663606
47,10.0,-5.780109763145448,3.0,-0.4914397001266483,6.0,0.5,2.861891120672226,16.0,3.924170196056365,0.814806616306305
48,10.0,-7.374512553215028,3.0,0.7927215099334717,6.0,0.5,3.460029542446136,15.27632749080658,2.6207461431622496,0.8154098987579346
49,9.765912294387816,-9.419298171997072,3.0,1.5452048778533936,6.0,0.5,3.5346861481666565,13.985678911209106,1.0,0.6386558115482329
50,7.239364385604858,-10.0,3.0,2.186365485191345,6.0,0.5,3.829110890626907,12.580889821052551,1.0,0.3796947136521339
51,10.0,6.457318067550659,3.0,0.17504703998565674,6.0,1.3078724592924118,7.14859801530838,1.0,10.731805324554443,0.2
52,10.0,5.825101137161255,3.0,-0.6304602026939395,6.0,1.7685316056013105,7.164364039897919,2.378243938088416,11.808999240398407,0.2
53,10.0,6.548938751220703,2.8827227354049683,-1.5353527665138245,6.0,2.147015541791916,6.97115558385849,5.229024201631546,13.719384729862213,0.2
54,10.0,7.372382879257202,2.667820930480957,-2.8028433322906494,6.0,2.451470732688904,7.106332212686539,7.326226890087127,15.741471707820892,0.2
55,10.0,8.202358484268188,2.712532639503479,-3.0,6.0,2.8020467162132263,7.282986968755721,9.378618359565735,16.0,0.2
56,10.0,9.374109506607056,2.9870678186416635,-3.0,6.0,3.352080285549164,7.843641519546509,11.83311140537262,16.0,0.2
57,9.538872241973877,10.0,3.0,-3.0,6.0,3.71966615319252,8.0,13.714900970458984,16.0,0.2
58,9.66841459274292,10.0,3.0,-3.0,6.0,3.5490044355392456,8.0,14.73025119304657,16.0,0.2
59,10.0,10.0,3.0,-3.0,6.0,3.477216213941574,8.0,15.704874753952026,16.0,0.2
60,10.0,10.0,3.0,-3.0,6.0,3.5500161051750183,8.0,16.0,13.484841644763947,0.2
61,10.0,9.675545692443848,3.0,-3.0,5.924051344394684,3.467504382133484,8.0,16.0,9.951312005519867,0.2
62,10.0,9.637424945831297,3.0,-3.0,4.564948588609695,3.4448490142822266,8.0,16.0,6.991715639829636,0.2
63,10.0,10.0,2.9715296030044565,-3.0,3.1970381438732143,3.2719075977802277,8.0,16.0,4.597262501716614,0.2
64,10.0,10.0,2.034824252128601,-3.0,1.7568409368395803,3.1709256917238235,6.961561322212219,16.0,2.40371162444353,0.2
65,10.0,10.0,1.3429920673370361,-3.0,0.5,3.222507074475288,5.290465533733368,16.0,1.0,0.2
66,10.0,10.0,0.7665510177612305,-3.0,0.5,3.256157875061035,3.658061951398849,16.0,1.0,0.2
67,10.0,10.0,0.3270707130432129,-3.0,0.5,3.2550989985466003,2.3542076274752617,16.0,1.0,0.2
68,10.0,10.0,0.03971099853515625,-3.0,0.5,3.227862760424614,1.4429476782679558,16.0,1.0,0.2
69,10.0,10.0,-0.11817562580108643,-3.0,0.5,3.1626585870981216,0.7815585210919378,16.0,1.0,0.2
70,10.0,10.0,-0.36712825298309326,-3.0,0.5,3.0701424479484554,0.5,16.0,1.0,0.2
71,10.0,10.0,-0.6046947240829471,-3.0,0.5,2.965191230177879,0.5,16.0,1.0,0.2
72,10.0,10.0,-0.7463221549987793,-3.0,0.5,2.8624893873929973,0.5,16.0,1.0,0.2
73,10.0,10.0,-0.736751139163971,-3.0,0.5,2.85888035595417,0.5,16.0,1.0,0.2
74,10.0,10.0,-0.7117348909378055,-3.0,0.5,2.732430502772331,0.5,16.0,1.0,0.2
75,10.0,10.0,-0.6387909650802612,-3.0,0.5,2.5810246020555496,0.5,16.0,1.0,0.2
76,10.0,10.0,-0.5472291111946109,-3.0,0.5,2.4064463526010513,0.5,16.0,1.0,0.2
77,10.0,10.0,-0.43583786487579346,-3.0,0.5,2.2075264006853104,0.5,16.0,1.0,0.2
78,10.0,10.0,-0.28840613365173373,-3.0,0.5,1.9609768390655515,0.5,16.0,1.0,0.2
79,-10.0,10.0,-3.0,-3.0,0.5,3.7383686006069183,6.9240774512290955,16.0,16.0,0.2
80,-10.0,9.47776198387146,-2.7527473568916325,-3.0,0.5,4.031692802906036,6.064222037792206,16.0,16.0,0.2
81,-10.0,8.778467178344728,-2.2550089359283456,-3.0,0.5,4.150465309619904,5.166765630245209,16.0,16.0,0.2
82,-10.0,8.122172355651855,-1.8147002756595612,-3.0,0.5,4.243750035762787,4.49089589715004,16.0,16.0,0.2
83,-10.0,7.691857814788818,-1.37351793050766,-3.0,0.5363742932677267,4.32689642906189,3.86221694946289,16.0,16.0,0.2
84,-10.0,7.515839338302612,-1.0191199779510498,-3.0,0.9116057083010669,4.382583498954773,3.2490992844104767,16.0,16.0,0.2
85,-10.0,8.010841608047485,-0.8735879659652713,-3.0,1.326424926519394,4.392282873392105,2.6674130856990814,16.0,16.0,0.2
86,-10.0,8.830913305282593,-0.868510723114014,-3.0,1.7911414876580236,4.3467206954956055,2.146627224981784,16.0,12.357442140579224,0.2
87,-10.0,9.843921661376951,-0.9209243059158325,-3.0,2.37373149394989,4.091189861297607,1.5731455683708184,16.0,8.341579347848892,0.2
88,-10.0,10.0,-0.8876388072967529,-3.0,3.030077248811722,3.640642821788788,0.7519340254366393,16.0,5.554769545793533,0.2
89,-10.0,10.0,-0.8370366096496585,-3.0,3.6845301389694214,3.0988773405551906,0.5,16.0,3.1414341032505027,0.2
90,-10.0,9.914650917053224,-0.5523299574851993,-3.0,4.2923570573329926,2.4325735569000244,0.6813913695514198,16.0,1.7166847959160796,0.2
91,-10.0,9.243872165679932,-0.4088514447212219,-2.7318913936615,4.759226202964783,1.8249682486057281,0.5721087306737893,16.0,1.0,0.2
92,-10.0,8.200157880783081,-0.29130864143371615,-2.165663123130799,5.241824746131897,1.2060582041740413,0.5685494393110273,16.0,1.0,0.2
93,-10.0,7.139859199523926,-0.17583489418029785,-1.8657647967338562,5.602167963981629,0.6520247124135492,0.6734432578086853,16.0,1.0,0.2
94,-10.0,6.1902594566345215,-0.24698710441589355,-1.6015904545783997,5.645062297582626,0.5,0.5,16.0,1.0,0.2
95,-10.0,5.27700662612915,-0.48207199573516846,-1.4146390557289124,5.496200978755951,0.5,0.5,16.0,1.0,0.2
96,-10.0,3.5925018787384033,-0.8022299408912659,-1.0338941216468815,5.262315154075623,0.5,0.5,16.0,1.0,0.2
97,-10.0,1.620626449584961,-1.0349830985069275,-0.7600715160369876,5.245432466268539,0.5,0.5,16.0,1.8337489143013945,0.2
98,-10.0,-0.7530391216278076,-1.2207062244415283,-0.37958872318267856,5.517268359661102,0.5,0.5,16.0,3.7070628106594072,0.2
99,-10.0,-2.8286099433898935,-1.620740175247193,0.06672120094299316,5.951992571353912,0.5,0.5,16.0,5.799483567476272,0.2
100,-10.0,-3.9779186248779297,-1.7109126448631287,0.411578893661499,6.0,0.5,0.5,16.0,8.50459372997284,0.2
101,-10.0,-3.2324182987213135,-1.9046891927719116,0.26589739322662354,6.0,0.5,0.5,16.0,12.233782470226288,0.2
102,-10.0,-1.648436188697816,-2.492472320795059,-0.34420037269592285,6.0,0.5,0.5,16.0,15.214257597923279,0.2
103,-10.0,1.2108230590820312,-3.0,-2.157580375671387,6.0,0.5,0.5,16.0,16.0,0.2
104,-10.0,4.849485158920288,-3.0,-3.0,6.0,0.5,0.5,16.0,16.0,0.2
105,-10.0,7.10755467414856,-3.0,-3.0,6.0,0.8384643457829948,0.5,16.0,16.0,0.2
106,-10.0,8.1217896938324,-3.0,-3.0,6.0,1.8971288800239563,0.5,16.0,16.0,0.2
107,-10.0,-8.552189469337463,3.0,0.41362452507019043,6.0,0.5,0.5,16.0,16.0,1.4912983536720277
108,-10.0,-7.556132674217224,3.0,0.207908034324646,6.0,0.5,0.5,16.0,16.0,1.670927393436432
109,-10.0,-7.013704776763916,3.0,0.018479347229003906,6.0,0.5,0.5,16.0,16.0,1.8210021376609802
110,-10.0,-6.945841908454896,2.9649163484573364,-0.43390363454818726,6.0,0.5,0.5,16.0,16.0,1.8185330033302307
111,-10.0,-7.316976189613344,2.4257887601852426,-0.6778571605682376,6.0,1.4856216013431545,0.5,16.0,16.0,1.7640195727348327
112,-10.0,-9.034197926521303,1.952911376953125,-0.8574875593185425,6.0,2.4735578149557114,0.5,16.0,16.0,1.6577834963798523
113,-10.0,-10.0,1.468622088432312,-0.9291467070579529,6.0,3.385683059692383,0.5,16.0,16.0,1.4799108743667602
114,-10.0,-10.0,1.168115258216858,-0.8993166089057922,6.0,4.428962618112564,0.5,16.0,16.0,1.2792255282402039
115,-10.0,-10.0,1.1810013055801392,-0.8597277402877808,6.0,5.481718957424164,0.5,16.0,16.0,1.0862455785274505
116,-10.0,-10.0,1.505453109741211,-0.6332704424858093,6.0,6.0,0.5,16.0,16.0,0.7035494446754456
117,-10.0,-10.0,1.9606947898864746,-0.30886656045913696,5.630756974220275,6.0,2.3719528988003726,16.0,16.0,0.32386316508054724
118,-10.0,-10.0,2.1716197729110718,-0.204087853431702,4.712602198123932,6.0,3.8965174853801727,16.0,16.0,0.2
119,-10.0,-10.0,2.335614323616028,-0.08674085140228271,3.826300263404846,6.0,5.576299160718918,16.0,16.0,0.2
120,-10.0,-10.0,2.5018590688705435,0.11570906639099121,3.1968106329441066,6.0,7.833046793937683,16.0,15.801492393016815,0.2
121,-9.696191549301147,-10.0,2.6114466190338135,0.30980873107910156,2.8567627668380733,6.0,8.0,16.0,12.187160313129425,0.2
122,-6.8413543701171875,-10.0,2.6785880327224723,0.28798484802246094,2.202195793390274,6.0,8.0,16.0,9.271300494670868,0.2
123,-3.580089807510376,-10.0,2.7831326723098755,0.32923221588134766,1.664418391883373,6.0,8.0,16.0,7.897947341203689,0.2
124,-1.5686774253845215,-10.0,2.7321499586105356,-0.09383440017700195,1.5066543146967886,6.0,8.0,16.0,7.424993425607681,0.2
125,1.0327768325805664,-10.0,2.5319409370422363,-0.44129133224487305,1.3016855716705318,6.0,8.0,16.0,7.8057410418987265,0.2
126,3.567843437194824,-10.0,2.4645920991897574,-0.7785828709602359,1.083734404295683,6.0,8.0,16.0,8.36646756529808,0.2
127,4.56025242805481,-10.0,2.6494134664535522,-1.258346557617188,1.2335835844278331,6.0,8.0,16.0,9.36690604686737,0.2
128,5.4169416427612305,-10.0,2.7724417448043814,-1.7447767853736884,1.9371386766433714,6.0,8.0,16.0,10.341283738613129,0.2
129,6.164240837097168,-10.0,2.7605477571487427,-2.3780336380004887,2.7601971626281734,6.0,7.507759660482407,16.0,10.886236190795898,0.2
130,6.593666076660156,-10.0,2.892633318901062,-3.0,3.0903601050376888,6.0,7.490574300289154,16.0,9.859888911247253,0.2
131,6.575665473937988,-10.0,2.94213330745697,-3.0,3.136710047721863,6.0,7.702595770359039,16.0,8.20690742135048,0.2
132,5.259830951690674,-10.0,3.0,-3.0,3.3374681174755096,6.0,7.9393945932388315,16.0,7.8685056269168845,0.2
133,4.1520750522613525,-10.0,3.0,-2.6397289931774144,3.6181605458259583,6.0,7.426184296607972,16.0,8.38921269774437,0.2
134,10.0,-8.019429445266724,2.8890581130981445,-3.0,0.7846483811736102,4.387864768505096,5.650074660778046,16.0,16.0,0.2
135,10.0,-9.18646514415741,2.913590669631957,-3.0,1.0605552121996875,4.772200882434845,5.979199588298798,16.0,16.0,0.2
136,10.0,-10.0,3.0,-3.0,1.4213268980383869,4.959419429302216,6.6527568101882935,16.0,16.0,0.2
137,10.0,-10.0,2.9989324808120736,-3.0,1.6238073632121084,5.027561247348785,6.4987300634384155,16.0,16.0,0.2
138,10.0,-10.0,2.7833454608917236,-3.0,1.6845762208104131,4.977696359157562,5.989391982555389,16.0,16.0,0.2
139,10.0,-10.0,2.6012309789657593,-3.0,1.691955409944057,4.835664302110672,5.310744822025299,16.0,16.0,0.2
140,10.0,-10.0,2.428824305534363,-2.836693525314331,1.7996621653437614,4.453662633895874,4.455113440752029,16.0,16.0,0.2
141,10.0,-10.0,2.2541534900665283,-1.9369822740554816,2.533968359231949,3.741632431745529,2.68576118350029,16.0,16.0,0.2
142,10.0,-10.0,1.8369437456130981,-1.804395318031311,2.7945818006992336,3.1856119483709335,1.2837586849927902,16.0,16.0,0.2
143,10.0,-10.0,1.2976527214050293,-2.2525005340576176,2.520222634077072,2.8647230267524715,0.8177145868539808,16.0,16.0,0.2
144,10.0,-9.38908100128174,0.6124320030212402,-3.0,1.7930782809853552,3.0097073167562485,0.7746910601854318,16.0,16.0,0.2
145,10.0,-8.879087567329409,0.04981040954589844,-3.0,1.5221840664744375,3.194615021347999,0.5,16.0,16.0,0.2
146,10.0,-10.0,-0.31215047836303744,-3.0,1.7357683107256887,3.5232993066310883,0.5,16.0,16.0,0.2
147,10.0,-10.0,-0.45189499855041537,-2.5640727281570435,2.253747671842575,3.54588320851326,0.5,16.0,16.0,0.2
148,10.0,-10.0,-0.5601564645767215,-2.0317055583000188,2.4792090356349945,3.688327342271805,0.5,16.0,15.854526817798615,0.2
149,10.0,-10.0,-0.775244951248169,-1.6645159721374512,2.5647269189357753,3.4881734549999237,0.5,16.0,12.996925473213196,0.2
150,10.0,-10.0,-0.8845485448837284,-1.5873420238494877,2.5858172476291656,3.242632120847702,0.5,16.0,10.62822288274765,0.2
151,10.0,-10.0,-0.7934178113937378,-1.722606539726258,2.4000834226608276,3.1352484375238414,0.5,14.508843779563904,7.773386001586913,0.2
152,10.0,-10.0,-0.6683131456375122,-1.8225274085998535,2.2702913880348206,3.081376209855079,0.5,11.582505464553833,4.51375102996826,0.2
153,10.0,-10.0,-0.5687214732170105,-1.8542371988296513,2.088876336812973,3.096441924571991,0.5,8.810856401920319,1.833761431276798,0.2
154,10.0,-9.919683635234835,-0.4370820522308353,-1.7994475364685059,2.0205735564231873,3.074182078242302,0.5,6.260240137577056,1.0,0.2
155,10.0,-9.14205938577652,-0.17373007535934482,-1.6590018868446355,2.2136110067367554,2.8746846616268154,0.5,4.188749775290487,1.0,0.2
156,10.0,-8.324681222438814,-0.10364913940429688,-1.5064812898635864,2.4525591135025024,2.533291563391685,0.5,3.0939236879348755,1.0,0.2
157,10.0,-7.813462018966676,-0.2316657900810245,-1.431146085262299,2.57665354013443,2.251222923398018,0.5,2.421193927526473,1.0,0.2
158,10.0,-7.363923192024232,-0.019858360290527344,-1.6858785152435303,2.8176676034927364,1.8094725906848905,0.5,4.189899325370789,1.0,0.2
159,10.0,-7.126519083976746,0.4257688522338867,-1.8742484450340278,3.4654587507247925,1.3951586335897441,0.5,5.93121713399887,1.0,0.2
160,10.0,-6.911021173000336,0.8725537061691284,-2.0177078247070312,4.041556090116501,1.10941806063056,0.5,7.353913992643355,1.0,0.2
161,10.0,-6.717827022075654,1.2747541666030884,-2.0716820955276494,4.560236096382141,0.7030135504901405,0.5,8.521272599697113,1.0,0.2
162,10.0,-6.83262974023819,1.6914821863174438,-2.240102469921112,5.058610260486603,0.5,0.5,10.064090847969055,1.0,0.2
163,10.0,-6.89836323261261,2.197172999382019,-2.483159422874451,5.65875917673111,0.5,0.5,12.22844398021698,1.0,0.2
164,10.0,-6.798903942108156,2.7691701650619507,-2.501959919929505,6.0,0.5,0.5,13.58316695690155,1.0,0.2
165,10.0,-6.211727857589722,3.0,-2.197599202394486,6.0,0.5,0.5,13.758161425590515,1.0,0.2
166,10.0,-5.926720798015596,3.0,-1.9484080374240875,6.0,0.5,0.5,14.145597577095032,1.0,0.2
167,10.0,-6.147916615009308,3.0,-1.7804251313209534,6.0,0.5,0.5,15.561830759048464,1.0,0.2
168,10.0,-6.19002640247345,3.0,-1.6567587554454803,6.0,0.5,0.5,16.0,1.0,0.2
169,10.0,-5.98926216363907,3.0,-1.4554483294487,6.0,0.5,0.5,16.0,1.0,0.2
170,10.0,-6.264409720897676,3.0,-1.0180655121803288,6.0,0.5,0.5,16.0,1.469707883894443,0.2
171,10.0,-6.790614426136018,3.0,-0.5542271733283997,6.0,0.5,0.5,16.0,2.573382131755351,0.2
172,10.0,-7.206270098686218,3.0,-0.1525424122810367,6.0,0.5,0.5,16.0,4.259837031364441,0.2
173,10.0,-7.6722145080566415,3.0,0.16170644760131836,6.0,0.5213869288563727,0.5,16.0,6.956812500953674,0.2
174,10.0,-7.939719557762146,3.0,0.39888525009155273,6.0,1.1816640086472034,0.5,16.0,9.887600600719452,0.2
175,10.0,-8.08994859457016,3.0,0.5461556911468506,6.0,1.8277244418859482,0.5,16.0,13.05726444721222,0.2
176,10.0,-8.64405781030655,3.0,0.2625768184661865,6.0,2.5324388891458507,0.5,16.0,15.982913434505464,0.2
177,10.0,6.713404655456543,3.0,3.0,6.0,0.5,8.0,16.0,7.814142614603043,1.0502734005451202
178,10.0,5.54113507270813,3.0,3.0,6.0,0.5,8.0,16.0,8.315240055322647,0.8645825684070587
179,10.0,4.200453758239746,3.0,3.0,6.0,0.5,8.0,16.0,9.720649182796478,0.580799651145935
180,10.0,2.4323153495788574,3.0,3.0,6.0,0.9647210277616973,8.0,16.0,12.458489000797272,0.2
181,10.0,-0.1669442653656017,3.0,2.6592299938201895,6.0,1.6109373420476913,8.0,16.0,15.946775138378143,0.2
182,10.0,-2.6911699771881104,3.0,1.6925904750823975,6.0,2.599955052137375,8.0,16.0,16.0,0.2
183,10.0,-5.12111008167267,3.0,0.7649946212768555,6.0,3.574501395225525,8.0,16.0,16.0,0.2
184,10.0,-8.060158491134644,3.0,0.0789649486541748,6.0,4.148168563842773,8.0,16.0,16.0,0.2
185,10.0,-10.0,3.0,-0.6566716432571411,6.0,4.490538418292999,8.0,16.0,16.0,0.2
186,10.0,-10.0,3.0,-1.1096584796905518,6.0,4.882003426551819,8.0,16.0,16.0,0.2
187,10.0,-10.0,3.0,-1.5642539262771606,6.0,5.519653618335723,8.0,16.0,16.0,0.2
188,10.0,-10.0,3.0,-1.9663524627685547,6.0,6.0,8.0,16.0,16.0,0.2
189,10.0,-10.0,3.0,-2.2509917020797734,6.0,6.0,8.0,16.0,16.0,0.2
190,10.0,-10.0,3.0,-2.030213713645935,5.895296782255174,6.0,8.0,16.0,16.0,0.2
191,10.0,-10.0,3.0,-1.8194807767868046,4.338076591491699,6.0,8.0,16.0,16.0,0.2
192,10.0,-10.0,3.0,-1.6952143907547002,3.3177317082881927,6.0,8.0,16.0,16.0,0.2
193,7.6099348068237305,-10.0,3.0,-1.720391035079956,2.513591378927231,6.0,8.0,16.0,16.0,0.2
194,4.642528295516968,-10.0,3.0,-2.0375980138778687,1.938349664211273,6.0,8.0,16.0,16.0,0.2
195,1.6440188884735107,-10.0,2.705563187599182,-2.442094802856446,1.6149134561419487,6.0,6.040747344493866,16.0,16.0,0.2
196,-1.3483476638793945,-10.0,2.1542333364486694,-2.7319389581680302,1.342745147645473,6.0,4.061808168888092,16.0,16.0,0.2
197,-4.162444472312928,-10.0,2.0178258419036865,-3.0,0.9754913672804828,6.0,2.761723130941391,16.0,16.0,0.2
198,-3.5366034507751465,-10.0,2.8067082166671744,-3.0,5.585025638341905,0.5,8.0,13.334687113761902,1.9911416098475454,0.2
199,-4.2561256885528564,-10.0,3.0,-3.0,6.0,0.5,8.0,13.728514075279236,3.0681311190128318,0.2
200,-5.17309308052063,-9.996905028820038,3.0,-3.0,6.0,0.5,8.0,13.84442663192749,3.843968570232391,0.2
201,-6.463559865951538,-8.849713653326036,3.0,-3.0,6.0,0.5,8.0,14.563741445541382,4.852553367614746,0.2
202,-7.836868166923524,-7.591778039932252,3.0,-3.0,6.0,0.5,8.0,15.254971742630005,6.097263306379318,0.2
203,-8.94197463989258,-6.595477461814882,3.0,-3.0,6.0,0.5,8.0,15.77267026901245,7.307691484689712,0.2
204,-9.782506823539734,-5.884559452533722,3.0,-3.0,6.0,0.5,7.976614266633987,16.0,8.465058416128159,0.2
205,-10.0,-5.539422929286958,2.862627625465393,-3.0,6.0,0.5,8.0,16.0,8.819346487522125,0.2
206,-10.0,-5.420482754707338,2.3723419904708862,-3.0,6.0,0.5,8.0,16.0,8.539610862731934,0.4666767805814742
207,-10.0,-5.23903250694275,1.850648045539856,-3.0,6.0,0.5,7.9475377798080435,16.0,8.647272050380707,0.9860114812850951
208,-10.0,-4.660590887069702,1.3195871114730835,-3.0,6.0,0.5,7.842401891946793,15.588772654533388,8.683964669704437,1.5078201174736023
209,-10.0,-3.929924964904786,0.7334085702896118,-3.0,6.0,0.5,7.446155130863189,14.983609080314638,9.440963625907898,2.0
210,-10.0,-3.1748878955841064,0.18181335926055908,-3.0,6.0,0.5,6.8012537360191345,14.68463397026062,10.477630257606506,2.0
211,-10.0,-2.804434299468994,-0.35502326488494906,-3.0,6.0,0.5,6.238848149776459,14.39322805404663,11.513485968112946,2.0
212,-10.0,-3.2051527500152597,-0.7069483995437622,-3.0,5.664545953273773,0.5,5.858409881591797,15.063091874122618,12.226774752140045,2.0
213,-10.0,-4.10457730293274,-0.8574492931365967,-3.0,5.378843367099762,0.5,5.584905028343201,15.438438415527344,12.034521162509918,2.0
214,-10.0,-4.50958013534546,-1.0695476531982426,-3.0,5.253865450620651,0.5,5.03655332326889,15.299355149269102,11.032835006713867,2.0
215,-10.0,-4.808277487754822,-1.3265089988708496,-3.0,5.311539471149445,0.5,4.388451159000397,15.671048521995544,10.607155919075012,2.0
216,-10.0,-4.848146438598634,-1.7033552527427678,-2.560100421309472,5.373317867517471,0.5,3.8349218964576717,16.0,10.508950412273407,2.0
217,-10.0,-4.854418635368348,-2.116447269916535,-1.1494381427764897,5.632389545440674,0.5,3.4274523258209224,16.0,10.752464592456818,2.0
218,-10.0,-5.044364035129548,-2.398915797472,-0.014110922813415527,5.758383393287659,0.5,3.1206214725971217,16.0,10.97368335723877,2.0
219,-10.0,-4.987909197807312,-2.5841363668441777,0.7796856164932251,5.769859582185746,0.5,2.817961454391479,16.0,11.379414856433868,2.0
220,-10.0,-4.597891569137574,-2.799546182155609,1.4460450410842896,5.725324153900147,0.5,2.5447252690792084,16.0,12.204616129398346,2.0
221,-10.0,-4.248439073562622,-3.0,1.8303970098495483,5.782174348831177,0.5,2.3116170540452,16.0,13.172085344791412,2.0
222,-10.0,-3.840837478637696,-3.0,1.4939725399017334,6.0,0.5,1.8908656314015388,16.0,14.775157630443575,1.9833744883537294
223,-10.0,5.171889066696167,-3.0,2.9191192388534546,6.0,0.5,0.5,16.0,16.0,2.0
224,-10.0,10.0,-3.0,3.0,6.0,0.5,0.5,16.0,16.0,2.0
225,-10.0,10.0,-3.0,3.0,6.0,0.5,0.5,16.0,16.0,2.0
226,-10.0,10.0,-3.0,3.0,6.0,0.5,0.5,16.0,16.0,2.0
227,-10.0,10.0,-3.0,3.0,6.0,0.5,0.5,16.0,16.0,2.0
228,-10.0,10.0,-3.0,2.816749691963196,6.0,0.5,0.5,16.0,16.0,2.0
229,-10.0,10.0,-3.0,2.0840338468551636,6.0,1.5885680019855497,0.5,16.0,16.0,2.0
230,-10.0,10.0,-3.0,1.7295774221420288,6.0,3.1865619868040085,0.5,16.0,16.0,2.0
231,-10.0,10.0,-3.0,1.6317830085754395,6.0,4.147110342979431,0.5,16.0,16.0,2.0
232,-10.0,10.0,-3.0,1.745094895362854,6.0,4.6660889983177185,0.5,16.0,16.0,2.0
233,-10.0,10.0,-3.0,1.9941462278366089,6.0,5.309843957424164,1.5629070177674294,16.0,16.0,2.0
234,-10.0,10.0,-2.905478239059449,1.9955109357833862,6.0,5.9784815311431885,3.4715353250503536,16.0,16.0,2.0
235,-10.0,10.0,-2.6949095427989964,2.4940391778945923,5.741576433181764,6.0,5.510278820991516,16.0,16.0,2.0
236,-10.0,10.0,-2.489740312099457,3.0,5.411975711584091,6.0,7.481770396232606,16.0,16.0,2.0
237,-10.0,10.0,-2.3334935903549194,3.0,5.35589262843132,6.0,8.0,16.0,16.0,2.0
238,-10.0,10.0,-2.142528265714646,3.0,5.466182649135589,6.0,8.0,16.0,16.0,2.0
239,-10.0,10.0,-1.8356652259826665,3.0,5.556240916252137,6.0,8.0,16.0,15.510773122310638,2.0
240,-10.0,10.0,-1.509363055229187,3.0,5.490041792392731,6.0,8.0,16.0,14.577848970890043,2.0
241,-10.0,10.0,-1.2699544429779053,3.0,5.28010755777359,6.0,8.0,16.0,12.611886322498322,2.0
242,-10.0,10.0,-1.1552240252494812,3.0,4.9137638211250305,6.0,8.0,16.0,11.163471102714539,2.0
243,-10.0,10.0,-1.072100937366486,3.0,4.4950017631053925,6.0,8.0,16.0,10.113261997699738,2.0
244,-10.0,10.0,-0.8747257590293888,3.0,3.9605284333229065,6.0,8.0,15.419443011283876,9.22842001914978,1.8648271799087524
245,-10.0,10.0,-0.8406289815902713,3.0,3.1788126826286316,6.0,8.0,13.837116718292236,7.670867055654526,1.6838037133216859
246,-10.0,10.0,-0.7509725689888,3.0,2.251918077468872,6.0,8.0,12.684358716011047,6.243382006883621,1.4947794318199157
247,-10.0,10.0,-0.6724267601966861,3.0,0.9312601611018179,6.0,8.0,14.01162302494049,7.030015349388123,1.3387681007385255
248,-9.053050428628922,10.0,-0.7954450249671936,3.0,0.5,6.0,8.0,14.292330503463745,7.869592815637588,1.1543936967849733
249,-5.799079537391664,10.0,-0.7111841440200806,3.0,0.5,6.0,8.0,14.956801295280457,9.227129876613617,0.9750706434249878
250,-2.601262331008912,10.0,-0.2746793031692508,3.0,0.5,6.0,8.0,15.104061722755432,9.705855906009674,0.7846678137779235
251,0.912473201751709,10.0,0.4425433874130249,3.0,0.5,6.0,8.0,16.0,11.765821933746338,0.45560896694660186
252,3.2118916511535645,10.0,1.222896695137024,3.0,0.5,6.0,8.0,16.0,13.710283100605011,0.2
253,4.838457107543945,10.0,1.908644199371338,3.0,0.5,6.0,7.50276494026184,16.0,15.37273234128952,0.2
254,5.965675115585327,10.0,2.648074507713318,3.0,0.5,6.0,5.271765172481537,16.0,16.0,0.2
255,6.267836093902588,10.0,3.0,3.0,0.5,6.0,3.44365331530571,16.0,16.0,0.2
256,6.619913578033447,9.056453704833984,3.0,3.0,0.5,5.927502036094666,2.481092095375061,16.0,16.0,0.2
257,6.970412731170654,8.184970617294312,3.0,3.0,0.5,5.793233871459961,2.3091630563139915,16.0,16.0,0.2
258,10.0,10.0,0.7674726247787476,3.0,0.5,5.4679463505744925,1.724278099834919,16.0,16.0,0.2
259,10.0,9.56275463104248,0.9786050319671631,3.0,0.7570746466517444,4.967247247695923,2.303602166473865,16.0,16.0,0.2
260,10.0,8.882967233657837,1.1536864042282104,3.0,1.1148375496268268,4.581942081451416,2.581856429576874,16.0,16.0,0.2
261,10.0,8.385225534439087,1.1987485885620117,3.0,1.5561297461390493,4.26665061712265,2.601849615573883,16.0,16.0,0.2
262,10.0,8.233306407928465,1.5654176473617554,3.0,1.8159114941954608,4.245716333389282,3.3523634374141693,16.0,16.0,0.2
263,10.0,8.393715620040895,1.741306185722351,3.0,1.7065764293074608,4.043255865573883,3.9735152125358577,16.0,16.0,0.2
264,10.0,8.340446949005127,1.7337133884429932,3.0,1.637093149125576,3.6921307742595673,3.9516310691833496,16.0,16.0,0.2
265,10.0,7.993649244308472,1.6448389291763306,3.0,1.740340821444988,3.391753077507019,3.55921271443367,16.0,16.0,0.2
266,10.0,7.655748128890991,1.570536732673645,3.0,1.8710943683981895,3.130022570490837,3.1591026782989498,16.0,16.0,0.2
267,10.0,7.409822940826416,1.5307906866073608,3.0,1.9988272488117218,2.916934981942177,2.8366372287273403,16.0,16.0,0.2
268,10.0,7.433990240097046,1.432308554649353,3.0,2.119892567396164,2.8772779256105423,2.399602115154266,16.0,16.0,0.2
269,10.0,7.806309461593628,1.457729458808899,3.0,2.104002207517624,2.901144117116928,2.2515521124005318,16.0,16.0,0.2
270,10.0,8.222918510437012,1.6138397455215454,3.0,2.0588085055351257,3.0204442590475082,2.242172874510288,16.0,16.0,0.2
271,10.0,8.740769624710083,1.7807128429412842,3.0,2.0725739002227783,3.193620070815086,2.1930669918656345,16.0,16.0,0.2
272,10.0,9.241058826446535,1.9522072076797485,3.0,2.512289583683014,3.378602683544159,2.174063317477703,16.0,16.0,0.2
273,10.0,9.728506803512575,2.2164323329925537,3.0,3.2246764600276947,3.3898707032203674,2.3248025700449935,16.0,16.0,0.2
274,10.0,10.0,2.5670342445373535,3.0,4.007708758115768,3.387950301170349,2.8345254361629486,16.0,16.0,0.2
275,10.0,10.0,2.969707489013671,3.0,4.701237797737122,3.2817921936511993,3.5361256003379817,16.0,16.0,0.2
276,10.0,10.0,3.0,3.0,5.107870310544968,2.991778537631035,3.67472830414772,16.0,16.0,0.2
277,10.0,10.0,3.0,3.0,5.584388345479965,2.6657353788614273,3.6848102807998653,16.0,16.0,0.2
278,10.0,10.0,3.0,3.0,5.9179501831531525,2.3404019623994827,3.791625678539276,13.811667919158936,16.0,0.2
279,10.0,9.601172208786009,3.0,3.0,6.0,2.310151532292366,3.86313247680664,11.875756740570068,16.0,0.2
280,10.0,7.133616209030151,3.0,3.0,6.0,1.8238923251628871,4.0048604011535645,10.389471411705017,16.0,0.2
281,10.0,3.1971323490142822,3.0,3.0,6.0,1.0441223010420795,3.697892308235168,9.577218055725098,16.0,0.2
282,10.0,-1.1178863048553478,3.0,3.0,6.0,0.5,2.812528640031814,9.511741757392883,16.0,0.2
283,10.0,-4.8723602294921875,3.0,3.0,6.0,0.5,2.4754876196384425,9.904615640640259,12.916407346725464,0.2
284,10.0,-6.495661735534668,3.0,3.0,6.0,0.5,2.438775330781936,10.348875284194946,10.311189353466034,0.2
285,10.0,-7.220556735992432,3.0,3.0,6.0,0.5,2.657038524746895,10.4720458984375,8.582557499408722,0.2
286,10.0,-8.58502745628357,3.0,3.0,6.0,0.5,3.19724503159523,12.497231721878052,7.02784901857376,0.2
287,10.0,-9.95145618915558,3.0,3.0,6.0,0.5,3.657762885093689,14.839887380599976,5.525882154703139,0.2
288,10.0,-10.0,3.0,3.0,6.0,0.5,4.1127254366874695,16.0,3.3408304154872885,0.2
289,10.0,-10.0,3.0,3.0,6.0,0.5,4.657769531011581,16.0,1.0,0.2
290,10.0,-10.0,3.0,3.0,6.0,0.5,5.0527225732803345,16.0,1.0,0.2
291,10.0,6.997131109237671,3.0,0.28379058837890625,6.0,0.5,0.5,8.276618033647537,13.368762791156769,0.2
292,10.0,8.965538740158081,3.0,0.5453084707260132,6.0,0.5,0.5,9.267794847488403,14.815483748912811,0.2
293,10.0,10.0,3.0,0.8852938413619995,6.0,1.5146215409040447,0.5,11.54819107055664,16.0,0.2
